/*
Navicat MySQL Data Transfer

Source Server         : mysql57
Source Server Version : 50713
Source Host           : 127.0.0.1:3306
Source Database       : cloud-oa

Target Server Type    : MYSQL
Target Server Version : 50713
File Encoding         : 65001

Date: 2016-11-19 16:32:03
*/

SET FOREIGN_KEY_CHECKS=0;

-- ----------------------------
-- Table structure for act_evt_log
-- ----------------------------
DROP TABLE IF EXISTS `act_evt_log`;
CREATE TABLE `act_evt_log` (
  `LOG_NR_` bigint(20) NOT NULL AUTO_INCREMENT,
  `TYPE_` varchar(64) COLLATE utf8_bin DEFAULT NULL,
  `PROC_DEF_ID_` varchar(64) COLLATE utf8_bin DEFAULT NULL,
  `PROC_INST_ID_` varchar(64) COLLATE utf8_bin DEFAULT NULL,
  `EXECUTION_ID_` varchar(64) COLLATE utf8_bin DEFAULT NULL,
  `TASK_ID_` varchar(64) COLLATE utf8_bin DEFAULT NULL,
  `TIME_STAMP_` timestamp(3) NOT NULL DEFAULT CURRENT_TIMESTAMP(3) ON UPDATE CURRENT_TIMESTAMP(3),
  `USER_ID_` varchar(255) COLLATE utf8_bin DEFAULT NULL,
  `DATA_` longblob,
  `LOCK_OWNER_` varchar(255) COLLATE utf8_bin DEFAULT NULL,
  `LOCK_TIME_` timestamp(3) NULL DEFAULT NULL,
  `IS_PROCESSED_` tinyint(4) DEFAULT '0',
  PRIMARY KEY (`LOG_NR_`)
) ENGINE=InnoDB DEFAULT CHARSET=utf8 COLLATE=utf8_bin;

-- ----------------------------
-- Records of act_evt_log
-- ----------------------------

-- ----------------------------
-- Table structure for act_ge_bytearray
-- ----------------------------
DROP TABLE IF EXISTS `act_ge_bytearray`;
CREATE TABLE `act_ge_bytearray` (
  `ID_` varchar(64) COLLATE utf8_bin NOT NULL,
  `REV_` int(11) DEFAULT NULL,
  `NAME_` varchar(255) COLLATE utf8_bin DEFAULT NULL,
  `DEPLOYMENT_ID_` varchar(64) COLLATE utf8_bin DEFAULT NULL,
  `BYTES_` longblob,
  `GENERATED_` tinyint(4) DEFAULT NULL,
  PRIMARY KEY (`ID_`),
  KEY `ACT_FK_BYTEARR_DEPL` (`DEPLOYMENT_ID_`),
  CONSTRAINT `ACT_FK_BYTEARR_DEPL` FOREIGN KEY (`DEPLOYMENT_ID_`) REFERENCES `act_re_deployment` (`ID_`)
) ENGINE=InnoDB DEFAULT CHARSET=utf8 COLLATE=utf8_bin;

-- ----------------------------
-- Records of act_ge_bytearray
-- ----------------------------
INSERT INTO `act_ge_bytearray` VALUES ('20002', '1', '测试.bpmn', '20001', 0x3C3F786D6C2076657273696F6E3D22312E302220656E636F64696E673D225554462D38223F3E0D0A3C646566696E6974696F6E732020786D6C6E733D22687474703A2F2F7777772E6F6D672E6F72672F737065632F42504D4E2F32303130303532342F4D4F44454C2220786D6C6E733A7873693D22687474703A2F2F7777772E77332E6F72672F323030312F584D4C536368656D612D696E7374616E63652220786D6C6E733A61637469766974693D22687474703A2F2F61637469766974692E6F72672F62706D6E2220786D6C6E733A62706D6E64693D22687474703A2F2F7777772E6F6D672E6F72672F737065632F42504D4E2F32303130303532342F44492220786D6C6E733A6F6D6764633D22687474703A2F2F7777772E6F6D672E6F72672F737065632F44442F32303130303532342F44432220786D6C6E733A6F6D6764693D22687474703A2F2F7777772E6F6D672E6F72672F737065632F44442F32303130303532342F44492220747970654C616E67756167653D22687474703A2F2F7777772E77332E6F72672F323030312F584D4C536368656D61222065787072657373696F6E4C616E67756167653D22687474703A2F2F7777772E77332E6F72672F313939392F585061746822207461726765744E616D6573706163653D2264656D6F5F77665F70726F636573735F646566223E0D0A202020203C70726F63657373202069643D2270726F636573733134373934353636393032313422206E616D653D2270726F6365737331343739343536363930323134223E0D0A20202020202020203C73746172744576656E74202069643D22737461727422206E616D653D22E5BC80E5A78B222061637469766974693A696E69746961746F723D225F77665F64656661756C745F765F6170706C6963616E74223E0D0A20202020202020203C2F73746172744576656E743E0D0A20202020202020203C656E644576656E74202069643D22656E6422206E616D653D22E7BB93E69D9F223E0D0A20202020202020203C2F656E644576656E743E0D0A20202020202020203C757365725461736B202069643D227461736B3134373934353636393334333722206E616D653D227461736B3134373934353636393334333722203E0D0A20202020202020203C2F757365725461736B3E0D0A20202020202020203C73657175656E6365466C6F77202069643D22666C6F773134373934353636393732363222206E616D653D22666C6F77313437393435363639373236322220736F757263655265663D22737461727422207461726765745265663D227461736B31343739343536363933343337223E0D0A20202020202020203C2F73657175656E6365466C6F773E0D0A20202020202020203C73657175656E6365466C6F77202069643D22666C6F773134373934353636393936343422206E616D653D22666C6F77313437393435363639393634342220736F757263655265663D227461736B3134373934353636393334333722207461726765745265663D22656E64223E0D0A20202020202020203C2F73657175656E6365466C6F773E0D0A202020203C2F70726F636573733E0D0A202020203C62706D6E64693A42504D4E4469616772616D2069643D2242504D4E4469616772616D5F70726F6365737331343739343536363930323134223E0D0A20202020202020203C62706D6E64693A42504D4E506C616E652062706D6E456C656D656E743D2270726F6365737331343739343536363930323134222069643D2242504D4E506C616E655F70726F6365737331343739343536363930323134223E0D0A2020202020202020202020203C62706D6E64693A42504D4E53686170652062706D6E456C656D656E743D227374617274222069643D2242504D4E53686170655F7374617274223E0D0A202020202020202020202020202020203C6F6D6764633A426F756E6473206865696768743D223330222077696474683D2233302220783D223230302220793D223530222F3E0D0A2020202020202020202020203C2F62706D6E64693A42504D4E53686170653E0D0A2020202020202020202020203C62706D6E64693A42504D4E53686170652062706D6E456C656D656E743D22656E64222069643D2242504D4E53686170655F656E64223E0D0A202020202020202020202020202020203C6F6D6764633A426F756E6473206865696768743D223330222077696474683D2233302220783D223230302220793D22343030222F3E0D0A2020202020202020202020203C2F62706D6E64693A42504D4E53686170653E0D0A2020202020202020202020203C62706D6E64693A42504D4E53686170652062706D6E456C656D656E743D227461736B31343739343536363933343337222069643D2242504D4E53686170655F7461736B31343739343536363933343337223E0D0A202020202020202020202020202020203C6F6D6764633A426F756E6473206865696768743D223630222077696474683D223133302220783D223137332220793D22313638222F3E0D0A2020202020202020202020203C2F62706D6E64693A42504D4E53686170653E0D0A2020202020202020202020203C62706D6E64693A42504D4E456467652062706D6E456C656D656E743D22666C6F7731343739343536363937323632222069643D2242504D4E456467655F666C6F7731343739343536363937323632223E0D0A202020202020202020202020202020203C6F6D6764693A776179706F696E7420783D223231352220793D223830222F3E0D0A202020202020202020202020202020203C6F6D6764693A776179706F696E7420783D223233382220793D22313633222F3E0D0A2020202020202020202020203C2F62706D6E64693A42504D4E456467653E0D0A2020202020202020202020203C62706D6E64693A42504D4E456467652062706D6E456C656D656E743D22666C6F7731343739343536363939363434222069643D2242504D4E456467655F666C6F7731343739343536363939363434223E0D0A202020202020202020202020202020203C6F6D6764693A776179706F696E7420783D223233382220793D22323333222F3E0D0A202020202020202020202020202020203C6F6D6764693A776179706F696E7420783D223231352220793D22343030222F3E0D0A2020202020202020202020203C2F62706D6E64693A42504D4E456467653E0D0A20202020202020203C2F62706D6E64693A42504D4E506C616E653E0D0A202020203C2F62706D6E64693A42504D4E4469616772616D3E0D0A3C2F646566696E6974696F6E733E, '0');
INSERT INTO `act_ge_bytearray` VALUES ('20003', '1', '测试.process1479456690214.png', '20001', 0x89504E470D0A1A0A0000000D49484452000000910000018B0806000000C7E2706A0000148A4944415478DAED9D0D70545596C765744A1D75DC9A91558BAD71DCA5C4A29C2ACA99F1A3B01429B7343A8C5ADADD497708BD1193E820E2070B2B3046510714851259A4B44418D6AC52143059BE210282A44410028A8210104230C820228940E4ED39BDE954A7D3DDE9DC13DAB5FBF7AB3AD59DF7D2DDAFFFEFDFE79E7BDF7BF79D71060000000000E4069EE79D535353533A63C68C55E3C68D3B3274E8D093E170D8CBCFCFF70A0B0B4F3DF0C003C7478D1AB56BFCF8F1B3247AA118B431CF9C3973668E1D3BF6E4B061C3BC69D3A679D5D5D55E5D5D9DD7D4D4E429FAD8D0D0E06DD8B0C11393790F3FFCF0A9471E7964774949C96014CC71C42CC5CF3CF3CC77C3870F8F18A4B9B9D94B974D9B367923478E6C2E2D2DDDE6F3F97AA266EE659FB3E6CF9F5F555656E655565676CA3CF12C5EBCD82B2E2E6E242BE5988156AE5CF9C1430F3DE46DDFBEDDEB0A76EFDEED89211B070F1EFC2714CE013403A981B4C6E94AF4FD241B1D2D28282844E52CAF81B409EBAA0C9428231515151D16235D89DA59DA0B7BFAE9A78F6B0D743A59B060416328145A87E259C8DCB973FF4B7B61274E9CF04E370F3EF8E0019AB52CCC423A0EA4DDF84CB079F3E6E364A32C4347A2B598B674E53B8B74FB0FE4E7E7FF1AF5B3043D94F1FAEBAF7B9964E2C4899BC4448FA37E96A0C7C2F450462679FFFDF7778B892A513F4BD083A9F5F5F51935D18103071AC4447B513F4BD0A3F1D183A999423F4F4CD484FA59829ECEF143A09F8BFA59C2A041834E653A133536361E20136511D2BD3F9EE99A68FFFEFD9F5113651163C68CD991E9DED992254B16D23BCB225E78E185D7333D4EF4E4934F2E609C288B183D7AF4BF0C1932E4FB0C8E58370583C19D8C5867198F3EFAE8E7993A76264DD92C31D07BA89E65DC77DF7DBEC71E7BEC6406B2D161C9421B398A9FA5949696D69CEEF389B4FED22CD4AF5FBFB3503C0BD11A454FAA3F5D6736D6D4D4CC97CFA8E7CCC62CA7B0B0302419E958579F63BD6FDFBE35D28CEDA119CB1142A150B19E54DF55194933901A2810088C44DD1C427678BE64A523F3E6CDFBD6506C1F7EF1C517A76B13261146D51CAD912483AC90E6EDC0C68D1B1B3B330EB474E9D20A31E17A2DA2A98140CD74AF9A291C0E378C1B37EEE3356BD6ECA9ABABAB8F1EB4D583A97A2C6CC992250BCACBCB174973B84BCDA3D9875E18C4D74AFF245965989863B644AD1E85D7D3395A1EF74A9C9418C148345832D62762B4DFA004382359EA1D2DC851022C99E84931D2332801964C748F18691E4A80333E9FAF979868074A80C544678A891AE5F15CD4004B5DB429180CFE1625C05217CD921E5A114A80C544FF21F13C4A80C5440324132D40097046EAA17F96BA680F4A80856E62A2A3A150E8E74801961EDA07D2A45D87126031D174A98D98FC1C4CC5F563129350022CC5F5AD62A2652801CEE8C96B7A5E354A80B52EFABAA8A8E89728011613ADF1FBFD37A204584C344DEAA20751022C3DB4870281C01494008B89FA4BAC42097066E0C081FF284DDA2194006B5DD4E0F3F92E4109B098E85DE9A1DD82126031D164BD621625C0525C974A0FED3594008B896E906CC4CDF1C09D7038FC0F62A2232801D6BA689FF4D07E85126031D1926030783B4A80A52E7A518AEBE12801964C542C469A8112E08C3465D7889136A004382345F5F962A263E5E5E53F410DB03469B562A69E28011613554A5D74174A80A587F617E9A18D4209B098A850A20225C0D243EB234DDA16940067C2E1F0393A0D1FB3EB83B5B8FE4C7A68BD51022C269A23C5B50F25C062A2A7A5B87E0A25C0D243F36B3642097046EB2131D2A72801CE949494FC547B6879797967A30658EAA22D3A66841260A98B2AA487164209B064A2D17A1C0D25C09289EED223FA2801961E5A4F31D12E940067F4EC463DCB71E0C081E7A10658EAA20D525CFF1E25C062A29962A27F4309B014D7FFAED7A2A10438A357C34A265A8C126031D1657A7D3E4A80B549FB46670C4109B014D7EBFC7E7F5F94008B895ED759D450022CCDD9309DCF1125C0199D51568C548512E04C6161E1A53AC7354A80B52E3AE4F3F9BAA304584CB45A9AB59B51022C26FA4FBD13114A80A587F6602010781525C062A29BF4EE8C2801CEE8FD6125131D4609B0D645F5D243EB81126031D1F26030782B4A80A52E9A24F1184A80C5448325DE4009B098E87A69D23E40097026140AFD5C4C74549E76430DB014D75F480FED9A961BEC85F514119D851F6520212D1380FE2E1008E44B8C94E7B3259A24BC98A84729488A18E70F62929371A6898FA928051D355FE5A94CC4ED1BA043742E6B31CB7B494C7494B9AE212DA470BE440D136F2269EEE6A20E74B63E8A37513ECA4067EBA3A971F5D045A8029D6DD6F4AE8CEB5BB2105D7B7043B2CF952D63459B51032CCD9A4E08BA1325BA18CFF3CEDAB56BD7ECEAEAEAEF57AC58E12D5BB68CC89158BE7CB9B77AF5EAAF240A4D265203BDF7DE7B5E43438377FCF87122C7E2E0C183DEAA55AB8E88A1EE75369166200C94F3463A2E99699BB389B4094348424C74D2D944DA362222A13E38ED26FAF6EB7A6FD7FAE9DEC7CB9F8E843ED765EC004C9496898E1EAEF3B62E19E36D5E30BC4DE8325DC74EC0441D7EC0DE8FFFD6CE40D1D8F771253B0113756CA26DEF8E4F6A225DC74EC0441D7EC0D665E5494DA4EBD80998081311A7DF44DA1B4B66225DC74EC0441D7EC08EB5AF243591AE632760A20E3FE0505D8DB775E993ED9B3259A6EBD8099828AD0FA9FD70663B13E9327600264ACF44DF7DE7ED787F6AFBA64C96E93A760226EA70B47AFBDAC9496B225DC7A835264A9A7DEA7754795B163F91D440D1D0FFD1FF252B61A2B4B30F5909137568A274B24FAAACC44EC144CE068A063B051311980813119888C0440426223011262230118189084C4460224C4460220213A58EE2E262DD50AF7FFFFE29FFEFC30F3F8CFC5F4D4DFB536F9F7FFEF9C8BA1D3B76B42E2B2A2A8A2C8B8DE8BA3D7BF678575F7D75EBF223478EA4F59EE17038E97B6A3CF5D4535EF7EEDD23CB9F7DF6D9B4D6A5DA96A54B977AD75E7B6DEBBAB56BD7A6B59DA95E974A978C9A68EFDEBD910F5701BAC248FA5E3D7AF448BAFE820B2E48FA855BBE68BB7593264DF28E1D3BF67F97376DDDEAD5D6D6B6F93C8DA6A6A684AF4DF69E6FBCF146D26D9C3F7F7EE4FFD7AD5BD7FA3C9D75A9B6459FDF79E79D917543860C497B3B53BD2E952E1933D1D1A347231B75D96597755936EAC8441AA5A5A591FF5303C7FE8AA322FAFDFE94EFAF82C5FE7DE59557469ECF9A35AB5D964AF69EBA4C3362B2CFB8F0C20B9DD625DB96D849A77479EFDEBD3BF5DD13BD2E952E193191CE5B942C15AA003D7BF66C5DFEC9279FB479EDCC993323C63BF3CC3313FEE2D444870E1D4A9A71CACACADA9828FACB7DFBEDB7DBAD8B176ACE9C39ED9669E80F229ADED379CF2953A67877DC7147EBEBE3B3DBB061C3BCCB2FBF3CF25C9BAF74D725DA9668A841628D96EE774FF4BA8E74C96873A61B70E9A597B65BA6D3F9463355A2149BACFD8D9A68E3C68DDE84091322227564A2B163C7B6D601C9848C8ABD68D1A236CBB559896E8FEED0E87675F49E6FBDF556E4D79DACE989364BF14D48AA75C9B62551F970DE79E7A5FDDD13BDAE235D7E7013CD9D3B37923635DB24328CFE6A478C181159AED968E7CE9DED0CA88FB1CB5399283E23462376DBF59716FD9527FB2E9A21A2DB9ACE7BC61A2ADE28575C7145C26629D5BA64DB92EAF32CDB99AE2E1931517C93153596BA3C6A88FDFBF7277CBDFE92123567D1E793274F6EF79A68AAFFF4D34F93D64BF185BE2ED32624D1F6F7EDDBD7DBB76F5FE4B9F68ED2794FFD3B180C26CC44D1EFA4261F3A7468DAEB526D8BFE9D979797B403906A3B53BD2E992E1935D14B2FBDD49A3DA2CB2A2B2B5B3738F67974BD7EA9E8B28B2FBED87BF3CD37DB6498F85F59B2DE597C5B1EFBBE175D74513BB1A2192059AF66D4A851EDD6277B4F6D7AFAF4E993B026D2AEF9DD77DFDDBA2E76A7A65A976A5BB4AB7ED55557B5AE8FFF5126DBCE8E5E974C17061B0946AC094C4460224C4460220213119888C0449888C0440426223011818930118189084C44602202136122021311FF3F4DC4DDA8098926D3DDA857AF5E5DDFD0D08090391C757575FF2D26DAE66CA2AAAAAA3B57AE5CF9F5975F7ED9984BC225BA54291733901A68F9F2E57B24EE3DC382BCC11FC489EB35A569DB98EDA127B78742212F17BE6B07A1FB7B9BD940B988CFE7EB919F9F5F8712E04C3018BC464CF4014A803362A0BB25E6A1043813080486484C4109B064A2E7249E400970A6A0A06086C42094004B265AEEF7FB6F4109B098689B74F37BA304589AB36FC44417A2043821E6395F32D1B728011613F512137D86126069CAFA4B54A104588AEA8162A2592801CE0402819112E351022C267A59B2D15094004B7336479AB37B50022C26AA966C741D4A80C5447BA59BFF2B940027CACBCB7F22263A5E5252F253D4002724035D22263A8012E04C3018FCAD9868034A80A51EFAA344254A8033D22B7B40E25594004B261A2B310625C09982828237C444C52801964CB4448AEB5B51022C26DA1A0A857E83126029AC0FFB7CBE5FA004383160C0809F49266A4409704632504F31D1E72801969ED94D12AB50022C4575504C5481126029AA874B4C4009B09868A264A34750022C35D13B127E94004B4DB4D6EFF7F74509B09868B774F32F470970A59B98E8BBBCBCBCB391029C900CD45D4C741025C0996030D8474CB40925C0520FDD215DFC05280116139588895E4309B098A85C0325C019CD4262A2FB51022C9968A114D7B7A304584CB4597B68280116137DA5634528014EE828B58E56CBD36EA8014EE8F13231512D4A8033050505378889D6A00458EAA1809E4B8412E04C20107854CF6A4409B098688264A3C751022C35518544014A80A5265AEDF7FB6F4409B09868A75EFD8A126031519398E85C94002774061031D1DF51029CD1B988C4445B50022C3DB3DBA48BBF1825C0520FDDA7F334A204382359E8CF3A632C4A80C544AF8A89CA50022CCD59A534670350022C26DAA8F7F34009B098E84BBDB3104A80137A4F33BDB799DEE30C35C009BDBBA298E80B940067A4A0BE5E4CB40E25C0520FDDAB779E4609702610083C2CF1324A80C544E325138D4009B0D444B3240A51022C35D1BB7EBFFF6694008B89B64B37BF174A80C544DF8A89CE47097042CC73A198E8084A80C544BDC5449FA004587A66FF2AB10C25C0520F85C5443350029C090402A3C448CFA104584C34454CF42794004B73364F9AB3BB50022C265A2FD9E8F728011613ED976E7E0F940027C43C67EA69B1FA881AE06AA21E62A23A94006782C1E03562A20F50022CF5D0DDDA3B430970467A6543749C0825C092899E93780225C0193D6626310825C0928996FBFDFE5B50022C26DAA6E713A104589AB36FF4CC46940027F49C6A3DB71A25C062A25E62A2CF50022C4D597F892A94004B513D50AF7C4509702610088CD46BF051022C267A59B2D15094004B7336479AB37B50022C26AA966C741D4A80C5447B75AE469400277496583D2D56678D450D7042E7AB16131D4009704667CE17136D4009B0D4437FD47B79A0043823BDB207F4AE422801964C3456620C4A80337A87453151314A8025132D91E2FA5694008B89B6EADDA751022C85F5619FCFF70B940027060C18F033C9448D2801CE4806EA2926FA1C25C0D233BB4962154A80A5A80E8A892A50022C45F5708909280116134D946CF4084A80A5267A47C28F1260A989D6FAFDFEBE28011613ED966EFEE52801AE7413137D97979777365280139281BA8B890EA20438130C06FB888936A10458EAA13BA48BBF0025C062A21231D16B28011613956BA00438A359484C743F4A8025132D94E2FA7694008B89366B0F0D25C062A2AF74AC0825C0091DA5D6D16A79DA0D35C0093D5E2626AA450970A6A0A0E00631D11A94004B3D14D0738950029C0904028FEA598D280116134D906CF4384A80A526AA90284009B0D444ABFD7EFF8D28011613EDD4AB5F51022C266A12139D8B12E084CE002226FA3B4A80333A179198680B4A80A567769B74F117A30458EAA1FB749E46940067240BFD59678C4509B098E8553151194A80A539AB94E66C004A80C5441BF57E1E280116137DA9771642097042EF69A6F736D37B9CA10638A1775714137D8112E08C14D4D78B89D6A10458EAA17BF5CED32801CE04028187255E4609B09868BC64A2112801969A689644214A80A5267AD7EFF7DF8C12906ED6B94B9A2FF14D7E3F3D15361C0E9F23CFB7CBF35EA803E9669DD1125E4C9C943825F1BE5EEDA1D79DC9E33094825426FA758B71BC14C1B567D0A1911625339064A28FFAF5EB77162A41475DFAFC24263AC9045790162DC5F4C104267A0175A0334DDAEC3803ED901EDAF92803CE4D9ADFEFBF0555A05368F11CD3A4AD4011706DD2266B312DCDD86DA8012969B9E94BB90E26EA55AE12475B32D07169D69AE5F17FF47221797E1D6A419B1E9898628818E7F30E0616DB8D13E9A54314D9398E5E122DB1BB33E649107BF5F81A6AE660F6911D3F5D0CD41C6B0859EEBDF2CA2BDEDAB56BBDBABA3AEFD8B1639ED2D4D4E4353434789B366DF2A64E9DEA1517172732D35FF57D5137777A5B6B620D505656E62D5EBCD83B71E284970ECDCDCDDEB265CB22AF8B33D26C9AB7DCC8406D0C3463C68CD68CD3593443555454B43312C7D4B2BBAB3E3D76875756567A5D8166A55028D4A66943EDEC2DA29BBBDA40B1468ACB4814DBD9D68CC5F6C2B4093B1DC4356D7BA98FB2081D078A2DA25D6BA0746AA4B8629B93D6B2A8296B1D48D45ED8E924AE59ABA5C8CE025A0E65B48E03A5DB8D7745BBFFF7DF7F7FECC8368748B2A047561EDDA13A909809A64D9B169B8D989A2F0B9AB28AE80EADAEAECE888974643B76DC88BDF0E3CF445BA23BB4BEBE3E2326D243243126DAC65EF8F19BA829BA434F57AF2C512F2DC6444DEC851FBF895A77682689FD5CF6C28FDF4447C944601D68FC889A08E89DC10FDE9C8D669C084CFC1023D683070F3EC58875F665A3F51C3B036B5D34385347F14B4B4BBFE7287E16D2725A6C2DE71381B549EB173B69D5C2850BBBD4405555559CD99823466A738E755719490D545454D4CC39D63940CBE5427F8DBFDA436B99AEBCDA83EBCF72C048B10390B1D79D69F73CDD6EBC669FB8229AEBCE7230234D8F9FD853C791F40AD7F5EBD7470E91C45F015B535313194814F39CE20A58882DB66BB9161FCCDDFF96AB417674D23C6ABEC769BE203E33FD4E8FB5B54C76FE51CC096DFAB84D6B1E59F7173D94C14834000000000000000040E6F95FD02B14D29696F17E0000000049454E44AE426082, '1');
INSERT INTO `act_ge_bytearray` VALUES ('22504', '1', '测试.bpmn.bpmn', '22503', 0x3C3F786D6C2076657273696F6E3D22312E302220656E636F64696E673D225554462D38223F3E0D0A3C646566696E6974696F6E732020786D6C6E733D22687474703A2F2F7777772E6F6D672E6F72672F737065632F42504D4E2F32303130303532342F4D4F44454C2220786D6C6E733A7873693D22687474703A2F2F7777772E77332E6F72672F323030312F584D4C536368656D612D696E7374616E63652220786D6C6E733A61637469766974693D22687474703A2F2F61637469766974692E6F72672F62706D6E2220786D6C6E733A62706D6E64693D22687474703A2F2F7777772E6F6D672E6F72672F737065632F42504D4E2F32303130303532342F44492220786D6C6E733A6F6D6764633D22687474703A2F2F7777772E6F6D672E6F72672F737065632F44442F32303130303532342F44432220786D6C6E733A6F6D6764693D22687474703A2F2F7777772E6F6D672E6F72672F737065632F44442F32303130303532342F44492220747970654C616E67756167653D22687474703A2F2F7777772E77332E6F72672F323030312F584D4C536368656D61222065787072657373696F6E4C616E67756167653D22687474703A2F2F7777772E77332E6F72672F313939392F585061746822207461726765744E616D6573706163653D22756E646566696E6564223E0D0A202020203C70726F63657373202069643D2270726F636573733134373934353636393032313422206E616D653D2270726F6365737331343739343536363930323134223E0D0A20202020202020203C73746172744576656E74202069643D22737461727422206E616D653D22E5BC80E5A78B222061637469766974693A696E69746961746F723D225F77665F64656661756C745F765F6170706C6963616E74223E0D0A20202020202020203C2F73746172744576656E743E0D0A20202020202020203C656E644576656E74202069643D22656E6422206E616D653D22E7BB93E69D9F223E0D0A20202020202020203C2F656E644576656E743E0D0A20202020202020203C757365725461736B202069643D227461736B3134373934353636393334333722206E616D653D227461736B3134373934353636393334333722203E0D0A20202020202020203C2F757365725461736B3E0D0A20202020202020203C757365725461736B202069643D227461736B3134373935323838373435353822206E616D653D227461736B3134373935323838373435353822203E0D0A20202020202020203C2F757365725461736B3E0D0A20202020202020203C73657175656E6365466C6F77202069643D22666C6F773134373935323838393838313622206E616D653D22666C6F77313437393532383839383831362220736F757263655265663D22737461727422207461726765745265663D227461736B31343739343536363933343337223E0D0A20202020202020203C2F73657175656E6365466C6F773E0D0A20202020202020203C73657175656E6365466C6F77202069643D22666C6F773134373935323839303331313922206E616D653D22666C6F77313437393532383930333131392220736F757263655265663D227461736B3134373934353636393334333722207461726765745265663D227461736B31343739353238383734353538223E0D0A20202020202020203C2F73657175656E6365466C6F773E0D0A20202020202020203C73657175656E6365466C6F77202069643D22666C6F773134373935323839303532353422206E616D653D22666C6F77313437393532383930353235342220736F757263655265663D227461736B3134373935323838373435353822207461726765745265663D22656E64223E0D0A20202020202020203C2F73657175656E6365466C6F773E0D0A202020203C2F70726F636573733E0D0A202020203C62706D6E64693A42504D4E4469616772616D2069643D2242504D4E4469616772616D5F70726F6365737331343739343536363930323134223E0D0A20202020202020203C62706D6E64693A42504D4E506C616E652062706D6E456C656D656E743D2270726F6365737331343739343536363930323134222069643D2242504D4E506C616E655F70726F6365737331343739343536363930323134223E0D0A2020202020202020202020203C62706D6E64693A42504D4E53686170652062706D6E456C656D656E743D227374617274222069643D2242504D4E53686170655F7374617274223E0D0A202020202020202020202020202020203C6F6D6764633A426F756E6473206865696768743D223330222077696474683D2233302220783D223230302220793D223530222F3E0D0A2020202020202020202020203C2F62706D6E64693A42504D4E53686170653E0D0A2020202020202020202020203C62706D6E64693A42504D4E53686170652062706D6E456C656D656E743D22656E64222069643D2242504D4E53686170655F656E64223E0D0A202020202020202020202020202020203C6F6D6764633A426F756E6473206865696768743D223330222077696474683D2233302220783D223230302220793D22343030222F3E0D0A2020202020202020202020203C2F62706D6E64693A42504D4E53686170653E0D0A2020202020202020202020203C62706D6E64693A42504D4E53686170652062706D6E456C656D656E743D227461736B31343739343536363933343337222069643D2242504D4E53686170655F7461736B31343739343536363933343337223E0D0A202020202020202020202020202020203C6F6D6764633A426F756E6473206865696768743D223630222077696474683D223133302220783D223135302220793D22313538222F3E0D0A2020202020202020202020203C2F62706D6E64693A42504D4E53686170653E0D0A2020202020202020202020203C62706D6E64693A42504D4E53686170652062706D6E456C656D656E743D227461736B31343739353238383734353538222069643D2242504D4E53686170655F7461736B31343739353238383734353538223E0D0A202020202020202020202020202020203C6F6D6764633A426F756E6473206865696768743D223630222077696474683D223133302220783D223431332220793D22313831222F3E0D0A2020202020202020202020203C2F62706D6E64693A42504D4E53686170653E0D0A2020202020202020202020203C62706D6E64693A42504D4E456467652062706D6E456C656D656E743D22666C6F7731343739353238383938383136222069643D2242504D4E456467655F666C6F7731343739353238383938383136223E0D0A202020202020202020202020202020203C6F6D6764693A776179706F696E7420783D223231352220793D223830222F3E0D0A202020202020202020202020202020203C6F6D6764693A776179706F696E7420783D223231352220793D22313533222F3E0D0A2020202020202020202020203C2F62706D6E64693A42504D4E456467653E0D0A2020202020202020202020203C62706D6E64693A42504D4E456467652062706D6E456C656D656E743D22666C6F7731343739353238393033313139222069643D2242504D4E456467655F666C6F7731343739353238393033313139223E0D0A202020202020202020202020202020203C6F6D6764693A776179706F696E7420783D223238352220793D22313838222F3E0D0A202020202020202020202020202020203C6F6D6764693A776179706F696E7420783D223430382220793D22323131222F3E0D0A2020202020202020202020203C2F62706D6E64693A42504D4E456467653E0D0A2020202020202020202020203C62706D6E64693A42504D4E456467652062706D6E456C656D656E743D22666C6F7731343739353238393035323534222069643D2242504D4E456467655F666C6F7731343739353238393035323534223E0D0A202020202020202020202020202020203C6F6D6764693A776179706F696E7420783D223437382220793D22323436222F3E0D0A202020202020202020202020202020203C6F6D6764693A776179706F696E7420783D223230302220793D22343135222F3E0D0A2020202020202020202020203C2F62706D6E64693A42504D4E456467653E0D0A20202020202020203C2F62706D6E64693A42504D4E506C616E653E0D0A202020203C2F62706D6E64693A42504D4E4469616772616D3E0D0A3C2F646566696E6974696F6E733E, '0');
INSERT INTO `act_ge_bytearray` VALUES ('22506', '1', '测试.bpmn.process1479456690214.png', '22503', 0x89504E470D0A1A0A0000000D49484452000001980000018B0806000000FA79846000001FF54944415478DAEDDD0B7814F5B9C7712CD4DA5A6B2F584A6D455A8A94722CB59E628BD51C7A3307416DD99DCCE6E236628214106F075BA480680B88480B94DA7AB84941CAE120A6182E4984009202528CDC2A722B844028554488083AE77DF7CCE4597677369BCC1074F7FB799EF7D9CD4EB24CFE24FF5FFE33EFCEB66A050000000000000000000000F0416059D645D5D5D5C5B366CD5A3576ECD86343860C391D0E87AD9C9C1C2B2F2FEFBDBBEEBAEBD4F0E1C3778F1B376E8ED4558C1800A0D16059B870E1EC3163C69C1E3A74A8F5E4934F5A555555564D4D8D555F5F6F29BDADABABB35E7AE9254B02C8BAFBEEBBDFBBE79E7BF6161515F5670401007124480A1F79E491B71F78E08148789C3973C64AD5E6CD9BAD071F7CF04C7171F1F64020D089D10400E8AAA5CDE2C58B2B060C1860959494342958622D5DBAD42A2C2C3CC96A06000897362B57AE5C3F78F060EBD5575FB5FCB077EF5E4BC2EA64FFFEFD7FC608034086D2958B868B9E53F1933E9FAC628E9BA699C728034086D1732E7A58CCAF954BA2954C4141C1EB12325D186D00C810DA2DF6F0C30F9FD2732EE7D292254B4EE6E6E6AE63C40120432C5AB4E84FDA2DF6CE3BEF58E7DAC081030F71A80C003264F5A2AF73D156E496F0F2CB2F9F6215030019405FA1AF27F6BDB42337556161E1A19C9C9C2B197D0048637AF997A79E7ACA6A494F3CF1C4660998FB197D0048637A6D31BDFC4B4B7AF1C517F74AC09430FA0090C6F4C295B5B5B52D1A30870E1DAA9380D9CFE803401AD3AB223B17AE6C29FAEF49C0D433FA0090C6F492FBE783FEBB8C3E00A4B1DB6FBFFDBD965EC19C3C79F2102B1800487383070F3ED5D2E7600E1E3CF877CEC100409A1B3162C4CE96EE225BB66CD9F3749101409A7BECB1C79E6AE9D7C18C1C397209AF83018034F7D0430F7D79D0A041EFB6E02BF9EB43A1D02E5EC90F0019E0DE7BEF7DADA5AE45B66CD9B239122EAB197500C80077DC7147E0BEFBEE3BDD02AB98D765F5B289AB29034006292E2EAE3ED7EF07A3E77B74F5929595D5861107800CA1E7440A0B0B4F9EAB77B4ACAEAE5E2CFF462DEF68090019282F2F2F57563227EAEAEA7C0D9703070EAC098542FB38340600192C3737B7B0A8A8E8B85F2B195DB968B81886F120A30B00194EC220475633C79E7DF6D9B73C9CF87FFDF1C71F9FA187C5A4C28C2A002042CFC9C8CAA3BCB8B8F8D0A64D9B4E36E5752ECB972F9F2701B5414FE873CE0500E01634FD3468C2E170DDD8B163B7AE59B3665F4D4D4DAD73814CBD70A55E5BACACACEC2FA3468D2ACDCDCDDDADC1A2AB16BAC500008D92E0F882AC46864A702C90DAA35743D64BEEDBB7FBF5DA627AF9175EA10F00F06375C37BBA0000081800000103002060000020600000040C008080010080800100103000000206000002060040C0000008180000081800000103002060000020600000040C008080010080800100103000000206000002060040C0000008180000081800000103002060000020600000040C008080010080800100103000000206000002060040C0000008180000081800000103002060000020600000040C008080010080800100103000000206000002060040C0000008180000081800000103002060000020600000040C008080010080800100103000000206000002060040C0000008180000081800000103002060000020600000040C0080800100647C989468A034521B182900405303E65AA9D3C902C6308C9B192900407342A63449C0ACCBCACA6AC32801009ABB8A491830A669DECA080100BC844CA273311B58BD0000FC58C59CE6DC0B00C07712288B58BD0000CE45C05C1775EEE526460400E01BE75C0CAB170080DF01732DAFE4078073C0B2AC36BB77EF5E505555F56E7979B9B562C50A2A43AAACACCCAAACACFCA7541EBF09007CA7E1B27AF56AABAEAECE3A75EA14956175E4C8116BD5AA55C7246CFAF1DB00C057BA72215C323E644EC98A663BBF0D007CA587C59864290998D3FC3600F0951E8B6782A5F4E780DF0600E72560DE7AA3D6DABD6186B5B5ECE148E97D7D8CC9998001806607CCF1D76BAC2DCB46582F2F79E0ACD2C7741B1334010300CD0A98FD5B9F8B0B17A70E6C2D6182266000A07901B3FD8571AE01A3DB98A00918006856C06C5931CA3560741B1334010300040C45C00078FF048C768DB9058C6E6382266000A05901B373ED14D780D16D4CD0040C00342B608ED6545B5B968F8C3F3C268FE93626680206009A15305A7B36CE8E0B187D8CC999800180E607CCDB6F5B3B5F9C167F784C1ED36D4CD0040C00343960F495FAAFAE9DEC7A0E46B7F16A7E020600520F185999D4EEACB05E59FA0BD770714A3F473F97D50C0103004903A6B1550BAB190206009A1530A9AC5A92AD6698B0091800481830CD0D17A798B0091800E00DC728020600014311300008188A80C1079C65596D76EFDEBDA0AAAAEADDF2F2F2C8CF08951955565666555656FE532A8F80A10818F84EC365F5EAD5565D5D1DBF231958478E1CB156AD5A754CC2A61F01431130F095AE5C08978C0F995332376C2760280206BED2C362FC6E5032379C26602802069C9FA5DE5F73033F441401032F73C35B6FD45ABB37CC88BCF9A096DED7C7F8BD626E2060280206CD9E1BF4D2505B968D887FAF28798CCB463137103014018366CF0DFBB73EE77A458F035B4BF8DD226008188A8041F3E686ED2F8C730D18DDC6EF1601D3623B5A5858A83B6AF5EAD52BE9E76DDCB831F279D5D5F16FC73C7EFCF8C8B69D3B77363C56505010792CBA9C6DFBF6EDB3AEB9E69A86C78F1D3B96D27386C361D7E7D41A3D7AB475D96597451E7FF4D14753DA966C5F962F5F6EF5E8D1A361DBDAB56B53DACF645F976C5C0818F831376C5931CA3560741B133401937C09BC7F7F6462D2C9D18F9DD5E7BAFCF2CB5DB75F72C925AE93A1FD8DC66D9B34699275E2C489FFFF81DFB2C5DAB367CF59FF9E567D7D7DC2AF757BCEE9D3A7BBEEE3E2C58B239FBF6EDDBA86FBA96C4BB62F7AFF965B6E896C1B346850CAFB99ECEB928D0B010302863AAF0173FCF8F1C884D5A14307DF76B6B180D12A2E2E8E7C9E865BF45FFFCE041B0C06933EBF4EA6D11F77E9D225727FCE9C3971AB1BB7E7D4C77425E5F66F5C7AE9A5CDDAE6B62FD1AF9ED5C7BB76EDDAA4EF3DD1D7251B1702067E048C768DB9058C6E63822660123EA9BEC8CAEDF08A4E8E9D3A756A787CDBB66D677DEDECD9B323A1D4BA75EB847FA96BC01C3D7AD475A53260C080B302C6F98B7FFEFCF971DB6227D1850B17C63DA6A561E91C324AE539A74E9D6AF5EEDDBBE1EB63574543870EB53A76EC18B9AF87C452DD96685F9CD2F0880EA154BFF7445FD7D8B81030F0236076AE9DE21A30BA8D099A806974C5D1BE7DFBB8C77272721A5638890EDBB81DEF770266D3A64DD684091322136863013366CC9886F30E6E93AC33119796969EF5B81EAA72F647277B67BF1A7BCEB973E74656056E87B39C435DB187A5926D73DB974487242FBEF8E294BFF7445FD7D8B844D7DB6FBF6DE5E6E6EAFFE911A96DA669AE92DB0552BF93FBA30DC31824F70DB9DF4BEE7793DB765959596D98820998A335D5D696E523E30F8FC963BA8D099A806972C02C5AB428722846572989C244FFDA1F366C58E4715DC5ECDAB52B2E9CF436FAF1640113BB92722A7ADFF52F746775E0F6BDE8CAC2D9D7549E333A6C6243A473E7CE090F7525DBE6B62FC9FE3D2FFB99EAB8383F448140E032A9AE122037CAFF513FB91D28B723A5A648CD978F2BE4F615A9C352EF481D95C776C8ED6AA985123EBF97DB315243E471535656DF979BABF3F2F2DA1715157D98293BFD0226F2FBBE71765CC0E8634CCE044C4A01137B18CC091DFDEBD8098B83070F26FC7AFD0B3CD12132E7FEE4C993E3BEC6397CB463C70ED7F333B14D07FA981E964AB4FF3D7BF6B40E1C3810B9AF5D5CA93CA77E1C0A8512AE609CEF490370C89021296F4BB62FFA717676B66B3342B2FD4CF6756EE3E2C30FD105F2FFF41909902EF233F05D09971FCBED00A91172FFB7F2F83CB95F26F7ABE5B6560349EEBF2EB7AF4AAD95FB8BE4F60F528FCAE70E958F73E5F60732E6DD25E42E97BA9029FE031030B2FADDF9E2B4F8C363F2986E63822660923EF9C489131B561DCE632525250D9359F47D67BB4E78CE63EDDAB5B366CE9C79D6CA24F6AF73B72EB2D87307D1CFDBB66DDBB889D45939B8755F0D1F3E3C6EBBDB73EAE1ACEEDDBB273C07A3EDC5B7DD765BC3B6E8093FD9B664FBA2EDC6DDBA756BD81E1BD86EFBD9D8D7B98DCB793807738184C7A724483ACBCAA6A7FC3CDD2655241F0F97609924F7FF24B55C6AB3548DD429A96352AF49BD28B558EA29F9DC5FCBD7DC2BF7F3E5F97E24F7AF91FB5F0C87C31711092D1B30FA4AFD57D74E763D07A3DB78353F01C32052EFCB93FCB28AB954AA9384CAB725486E91DBFE523F97409928F5B43CB6546E3749ED977A5BEAB8D46EA92AA912F9DCE9F239E3E4FEFD725B20952DF7AF9560EAD0A74F9F8F1121CD9C1B646552BBB3C27A65E92F5CC3C529FD1CFD5C5633040CC50FD1075ADFBE7D2F91F0F89204C975122E7D244C0AA586C9C713E4E35972BF546AA3D43EA9935227A4F648AD97CF5922B733A51E93CFFD2FB90D4BF596E7FB96845C47A98FA74B70C8F777AB366B34676E686CD5C26A86B98180A1685316F9F9F9174B885CA921A261A2A12213EF0332018F97FB33ECD0596F87D05B7628EDB3434AC36AB67CEEE3F2790F6A9869A869B8497D393737F713EFD7EF5BF6759AD469A951C98233D1DC90CAAA25D96A86DF350286E28708890FD97D54EA0A3DCCA687DBF4B09B84CA7DF2F1583D1CA787E5ECC373BBE4E337EDC376FBEDC378CBE4B139F2354FE8613E3DDCA787FDE4F1EF48C07D251C0E7FB2A5BE0FBBC122725E551B2F645FF2529D1B9A1B2E4EF1BB46C050FC10C107DA78A00D08DA88A00D093A91CBC7F748FD4A1B16ECC6056D60D829F586DDD8A00D0E9BE57357C8ED5CA9DF68238436446863843C7EBD84DC55DA30A18D13CD5CC1AC730226AA5ED08E40E6068A80A10898F45C215DA82DDADAAAAD2DDB32E987245CEED6566E6DE9B6571E6BA4FE2EF52FFBB548B5762B78B9D433DA22AEADE2DA322ECFF193603078833CF6556D291F356AD487EC80D9932060B4EAA51E725653CC0D1401431130194A5FBCAA2F62D517B34A307C4F822447EE0FD617BBDA2F7A5D285529B55DEA9F76201D966D675C02C6290DAF42E6068A80A10818A4BA426A2D2B992B1A09170DA17FE9B919E6068A80A1081834E5FCCB952EC1A2E765C2D15D65CC0D140143113068CA6B60AE8F39E7F2B43C7653A28B97323750040C45C0A0292DCA9229391BF4FA6FB25AF91C730345C050040C7C6B9D666EA008188A80C179C5DC40113014010302862260280206040C45C050FC10818069B19FBFC2C2C2C87B17F5EAD52BE9E76DDCB831F279D5D5F16FC73C7EFCF8C836E72DC6B59C372F8C2E679BBE5793BEE99FF3B8BE9793B32D1C0EBB7E9DBE13EF0D37DCD0F0F8EAD5ABCFDABFABAFBEBA619B7E9CCAB664FB99ECFB4BB69FC9B625DB170286226070DE0346DFB5B5558277976D6EB58A7AB7DB4415FD66842E3FBF71DB264D9A649D387122727FCB962D67BD71A0F3F989DE0D76FAF4E949F733180C46BE2E2F2F2FEE5D6B9D8F070E1C98F2B664FB99ECFB4BB69F8D7D0F6EFBE2EBDC505E5ECE044BD5CB0FD169A654A41A30C78F1F8F4C4A1D3A74F0EDE7B0B180D172DE365CC32D7A25E24C983AF1277B7E9DBCA33FEED2A54BE4FE9C3973E2C2C0EDAFFA5651EFF03B77EEDCB8AFD320D4FBB367CF4E795BB2FD4CF6FD35B69FC9B6A5B22F9E03A6B2B2B2B6AEAE8E493683ABA6A6E619F921DACE948A540246FF28753BF4A21375A74E9D1A1EDFB66DDB595FAB93998652EBD6ADE3BED60998A3478FBAAE549CB75D7702C6597DCC9F3F3F6E5BEC841AFDF6EBD17FC56B583A87A89C6D53A74EB57AF7EE9DF02DD3DDC246EBC0810391C7060D1A14B95DBF7E7D4ADBDCF6B3B1EF2FD97E26DB96CABEF81230151515B7AC5CB9F28DC3870F9F64B2CDBC958B864B5959D93EA97E4CA968CA21329D98DAB76F9F70C2755638B121E1161CD101B369D3266BC2840991C9B5B1801933664CC33909B7807126E9D2D2D2B31E5FB76E5DC3FE8C1E3DFAACFDD295C9912347121E3E734A83207AA5111DBE7A8E486FF53C482ADBDCF6B3B1EF2FD97E26DBD6D8BEF87AF85C26979BE54936E861127D322A634AFFBFB7132EF02B60162D5A6475EDDA35B24A493431EB5FD1C3860D8B3CAEAB183D611E1B4E7A1BFD78B280895D493915BDEF1A04CE4AC5ED7B193A74A86BF0C51E0673FEDD44E3A38F77EBD6CDF51099DB36B7FD4CE5FB4BB69F6EDB1ADB17CECF0238EF01137B18CC091DFDABD9098B83070F26FC7AFDEB3CD12132E7FEE4C993E3BEC63994B563C70ED7F333B14D07FA58C78E1D13EE7FCF9E3D1B0E17694759F4B6502894F0AFFFE815846ED7D596D793FCC9F633D9F7976C3F1BDBD62227F901A039013371E2C4B873102525250D9357F47D677B767676C363EDDAB5B366CE9C79D6CAC4F9DC44AB9FE82EB2D87315D1CFDBB66DDBB889BB73E7CE493BCF860F1F1E77F8AC7BF7EE09CF5F6880BA9D83D2E0EBD1A347C3E3D187D0926D4BB69FC9BEBF64FB996C5B63FB42C00038AF0143F1120600206028020600014311300008188A800100028622600010301401038080A1081800206028020600014311300008188A800100028622600010301401038080A1081800206028020600014311300008188A80010002862260009C47E5E5E54CB054BD04CC697E1B00F8AAB2B2B2B6AEAE8E493683ABA6A6E6190998EDFC3600F0554545C52D2B57AE7CE3F0E1C327CFE524F6E69B6F3299BF0F572E1A2E656565FBA4FAF1DB00C07732B9DC2C7FC16ED0C3247A2CDEEF9A366D9AD5BF7F7FABB4B4D43A17CF4F35BBF4FF7B3BE102E003A7A8A8E8C339393953A45E350CA31B230200F02C10085C2EC1B24E8265516E6EEE271811008067C160F03F245C0E4A0D63340000BED050D170314DB317A30100F04C0F8349B0FCAF1E16D3C3638C0800C0333D812FC1F2773DA1AF27F61911008067122A21A93A09995C460300E099AE5424547EAB2DC8B9B9B9FFC68800003CB35B905F947A56EE5FCA8800003C9350C9D22E3159BD3C281F5EC08800003C935079C07E7DCBF7180D008067760BF242A92AB9FF05460400E099699A5FD3166459BD4C0D040217322200003FC2C5D41664A97C460300E0997D15E4DF48ED948CB99A1101007826A1F279A9B5528B69410600F842562B374AB0D4C8EDCF5BD1820C00F069E572BF546D3018FC3EA30100F0AC6FDFBE971886F13F122E7F95FA22230200F02C100874354D738704CBEF68410600F842562D39F655900B180D008067DA822CAB9649122EAF49B87C9D11010078969797D75E82658D04CB73E170F8938C0800C0B360307883B6204BB80C6F450B3200C00FA669DEA72DC872FB03460300E099B6204BB02CA0051900E01B6D419650D96E18C6EF69410600F84282457B90EB4CD3BC9DD1000078969595D546562C4FD0820C00F08DDD82BC5AAA84166400802FEC16E403520FB5A2051900E007C330EED51664B9FD21A30100F02C10087CDC34CD3F4BB8AC97FB57302200003F562D5FD51664A927B3B3B33FC2880000FC089780B6204B85190D008067DA822CA132516A572814EACE8800003C0B04029F9360A994FA8B84CBA71811008067122ADFB55B9047B4A2051900E053B8DC237548562D3F623400009E690BB204CB7CA90D122E1D1811008067A669769160D926F5075A900100BE9050E9A72DC88661FC94D1000078665F057982B6204B7D8311010078A62DC8A669AE928059420B3200C017122CD76B0BB284CB2F5BD1820C00F08384CADDDA822C217313A30100F02C3F3FFF62099667A436D2820C00F0452010B84A562C5B65F5F2475A900100BE9060F9897D15E442460300E0997D15E4C7A476CBCAE51A460400E0C7AAA59D04CB4AA9E70381C0A71911008067C160B0A704CB7EA991A3468DFA10230200F04C426588B6201B8691CD6800003CD31664D334E749B8BC247525230200F04C562B9D2554B6483D150E872F624400007E84CB8FB50559562FFD190D0080678140A0B584CA7809973DA150E89B8C0800C0B3FCFCFCCF4AB0BC20554A0B3200C017122ADFD1166459BD8CA6051900E00B0995C1DA821C0A85FE93D1000078665F0579AED4A64020D0911101007866B720BF22AB97E9B42003007C21C1729BD461A93B190D008067DA822C2B9771DA822C752D230200F04C5B904DD3AC9080595A5050F019460400E09904CBB765C5F20FA98769410600F842562C83ECF32DBD190D0080677DFAF4F998AC5CE648C0FC2D140A7D89110100782681F2156D41969A410B3200C017B26AB9D53E2456C46800003CD316640995B1527B0DC3F877460400E047B85C26C1522EB58C166400802F64B5729DDD823C86166400802F24547EA6E75B24646E663400009E690BB204CBD3B42003007C1308043A49B0544BC0CC94FB1F654400009E49B0DCA287C44CD32C663400007EAC5AB405F957B4200300FC0C176D412E935A2E2B97B68C0800C03309951E52FB24581EA1051900E00BC330EEB2CFB7F4613400009E69679804CB6CA9CD12325F664400007E844B2709969765D5328B166400802F2458FADA57411EC06800003CD393F7122A8FEAC9FC5028F42D460400E099B61D4BADB08B1664008077BA5AD1558BAE5E68410600F842CFB3D8E75BFA321A0000CFB4334C3BC4B4534C3BC61811008067FA9A167D6D8BBEC6452FB7CF8800003CD357E3DBAFCA1FC86800003CD393F77A1D31FB647E0F460400E0C7AAA5AD5E0159AF84AC5744664400009EE97BB6E87BB748C8FC5ADFCB85110100F8B17229D6F32DFAEE938C0600C033FB2AC8332558AA69410600F822140A7D4982E56FB27A99430B3200C017122C37DBAFCAFF19A30100F0CCBE0AF218A97F48C85CC78800003C2B2828F88C04CB32A9725A900100BE9050B9565B90A5C6D2820C00F02B5C8AEC4BBEDCCA6800003C0B87C31749B0CC907A25140A7D85110100781608043A4AB06C92FA132DC800005F48A8F4963A6418C620460300E099DD82FCB0B6209BA6F96D460400E099B620CB8A65A9044B457E7EFE671911008067A150E89BB26AD92301338E166400802F2458EE94AA93BA8DD100007866B720FFB7D41659B974664400009E45B520CFCDCFCFBF981101007826AB956C6D41364D7330A30100F0CC6E411E25B55FEA3B8C0800C0B34020F069099552A91764E5D28E11010078E6B4204BB08CA7051900E00B09963BB405D9308C1F331A0000CFEC16E4A7B40559562D57312200003F562D574ABD649AE63C5A900100BE9050B9C9BE0AF2DD8C0600C00F1748B08CD416E46030D893E100007866B7203F2FB592166400802F0CC3B8468265B7DC4EC8CACA6AC38800003C936029D4166459B5FC84D1000078969D9DFD1159B1FC5182652B2DC800005F8442A10EB26AD928F58C84CBC7191100801FE1F223FB2AC843190D00801F2E300CE397122E07245CAE673800007EAC5A3E25E1B2448265552010F81C230200F04C562CDF90DA25E1F2382DC800005FC8AAE5A7F65590038C0600C0336D419660F983D43659B974614400009ED92DC81BA4E6D3820C00F08561183F9460A995BA87D10000F841AF823C425B90A5BECB7000003CD316640995BF4855D2820C00F02B5CBA6B0BB2D4445A900100BE905009DB57410E321A0000CFECAB20FF5EC265BBDC7E9511010078160804AE9060592FAB963FD3820C00F08584CA0FB40559562DF7321A00003F680BF2435235C160F006860300E059381CFEA4044B89D4EABCBCBCF68C0800C033C330BE2EC1F29ADC3E410B3200C017A669DEAE2DC85206A30100F02C10085C28A1324D5B90E57E57460400E09984CA17A5FE2AB5A06FDFBE9730220000CF82C1E0F7B505D934CDFB180D00801FB405F917DA822CE17223C30100F04C5B900DC3784EC2658DD4E71911008067B25AB95A4265A7DC4E2A2A2AFA30230200F04C82255F5B9065F592C36800003CB35B907F27AB961D525F634400007EAC5AB405B94A6A212DC8008046A57209170995EFD957417E80110300A4BA32099BA699E7B2F902D9F6736D4196CA62B4000029AF5E2438F6481D9720E912BD2D10085C2A8F2F965A4B0B3200A0A9AB970152965DAF38EF30E9B4201B86F15B5A900120038442A1EE32F18F920098A781A02B0F3B1CEAED8F17488D9160B8AE09AB172BAA9E76AE822CB726230E00692C1C0E5F24813148E6FBD762C22069C9D7FC4D57286EEF7B2FDBFAB97CEDBF68410680342713FD4D527B9B122C096A7FA213F4FA0E936E5F23FFE6AD8C3E00A4E9AA4526FA1932D19F899EF8E5716BCA9429D6DAB56BAD9A9A1AEBC4891396AAAFAFB7EAEAEAACCD9B375BD3A64DB30A0B0B1305C7D3FABCFAFCF6958F9385D27159F974E27F0200D2887D6E644DF4843F60C0006BE9D2A5D63BEFBC63A5E2CC9933D68A152B225F17131C0BF49099DCBED0D8CA47CFF3F0BF0100E9B572392B5C66CD9AD5B052692A5DD9CC9B372FF6DCCCAA0481522B552AF5981E1E733B6F0300F880D2C362D1137F494989E5075DCDE4E6E646078A1E7A7B591EBB5902A52D230F0069CC3EA17FC6EF70890E9998554B16A30E00694E0F8D45778BE961B17321E670D97E0E8501409AD3D7B9449FD06FEE399754CEC9C49CF8BF9FD107803416FD224AED163B97620E95ED49E56ACA00800F20FBF22F0DAF7349B515B9B9B485F9CE3BEF8CEE2ABB8EFF050048437A6D3167B2D71751B684279F7C327A153386FF05004843F6852B23937D5555558B048CBEE23FFAC597FC2F00407AAE605E7126FBDADADA160918BDAC4C54C06CE77F0100D23360EA9DC9FE5C758F25EA268B0A987AFE1700203D03A661B26F49D1FF2EFF0B00909E01739C150C00C077F61B83710E0600E02FBAC80000E7844CF00FF13A180080EFCEC72BF9FBF7EFFF1EAFE40780CC58C56CE05A640000DF99A6D9BFA5AEA65C5C5CFC2E575306800C61BF55F21EDE0F0600E03B7D8749A9D34E003CFFFCF3BE864B454505EF680900191C3233A243C0AF90D1702928283813F5DC4F33DA009041F484BB4EFED121A387CBF4DC4973CFB9C41C168BBCEE450FC931DA0090812113FDE24BE7C4BF7697698B71AAADC8BA6A8939A11F0917CEBB00002B9919D1E7649CD7C94C9B36CDDAB06143E4B2324EB799AE54F4F22FD5D5D59117514AB0BC17132C91C362AC5C000011F689FF3D09C2A229B59F13FA008038BAEA300C639084C4CE26068B06D3FD1C120300A4B2A2B956AF5DA6E768ECAB303B6F56A6B7DBF51C8B6CFBB55EFE8557E80300000000000000000000000000000000000000903EFE0F77A18EE8842BD8170000000049454E44AE426082, '1');

-- ----------------------------
-- Table structure for act_ge_property
-- ----------------------------
DROP TABLE IF EXISTS `act_ge_property`;
CREATE TABLE `act_ge_property` (
  `NAME_` varchar(64) COLLATE utf8_bin NOT NULL,
  `VALUE_` varchar(300) COLLATE utf8_bin DEFAULT NULL,
  `REV_` int(11) DEFAULT NULL,
  PRIMARY KEY (`NAME_`)
) ENGINE=InnoDB DEFAULT CHARSET=utf8 COLLATE=utf8_bin;

-- ----------------------------
-- Records of act_ge_property
-- ----------------------------
INSERT INTO `act_ge_property` VALUES ('next.dbid', '25001', '11');
INSERT INTO `act_ge_property` VALUES ('schema.history', 'create(5.16)', '1');
INSERT INTO `act_ge_property` VALUES ('schema.version', '5.16', '1');

-- ----------------------------
-- Table structure for act_hi_actinst
-- ----------------------------
DROP TABLE IF EXISTS `act_hi_actinst`;
CREATE TABLE `act_hi_actinst` (
  `ID_` varchar(64) COLLATE utf8_bin NOT NULL,
  `PROC_DEF_ID_` varchar(64) COLLATE utf8_bin NOT NULL,
  `PROC_INST_ID_` varchar(64) COLLATE utf8_bin NOT NULL,
  `EXECUTION_ID_` varchar(64) COLLATE utf8_bin NOT NULL,
  `ACT_ID_` varchar(255) COLLATE utf8_bin NOT NULL,
  `TASK_ID_` varchar(64) COLLATE utf8_bin DEFAULT NULL,
  `CALL_PROC_INST_ID_` varchar(64) COLLATE utf8_bin DEFAULT NULL,
  `ACT_NAME_` varchar(255) COLLATE utf8_bin DEFAULT NULL,
  `ACT_TYPE_` varchar(255) COLLATE utf8_bin NOT NULL,
  `ASSIGNEE_` varchar(255) COLLATE utf8_bin DEFAULT NULL,
  `START_TIME_` datetime(3) NOT NULL,
  `END_TIME_` datetime(3) DEFAULT NULL,
  `DURATION_` bigint(20) DEFAULT NULL,
  `TENANT_ID_` varchar(255) COLLATE utf8_bin DEFAULT '',
  PRIMARY KEY (`ID_`),
  KEY `ACT_IDX_HI_ACT_INST_START` (`START_TIME_`),
  KEY `ACT_IDX_HI_ACT_INST_END` (`END_TIME_`),
  KEY `ACT_IDX_HI_ACT_INST_PROCINST` (`PROC_INST_ID_`,`ACT_ID_`),
  KEY `ACT_IDX_HI_ACT_INST_EXEC` (`EXECUTION_ID_`,`ACT_ID_`)
) ENGINE=InnoDB DEFAULT CHARSET=utf8 COLLATE=utf8_bin;

-- ----------------------------
-- Records of act_hi_actinst
-- ----------------------------

-- ----------------------------
-- Table structure for act_hi_attachment
-- ----------------------------
DROP TABLE IF EXISTS `act_hi_attachment`;
CREATE TABLE `act_hi_attachment` (
  `ID_` varchar(64) COLLATE utf8_bin NOT NULL,
  `REV_` int(11) DEFAULT NULL,
  `USER_ID_` varchar(255) COLLATE utf8_bin DEFAULT NULL,
  `NAME_` varchar(255) COLLATE utf8_bin DEFAULT NULL,
  `DESCRIPTION_` varchar(4000) COLLATE utf8_bin DEFAULT NULL,
  `TYPE_` varchar(255) COLLATE utf8_bin DEFAULT NULL,
  `TASK_ID_` varchar(64) COLLATE utf8_bin DEFAULT NULL,
  `PROC_INST_ID_` varchar(64) COLLATE utf8_bin DEFAULT NULL,
  `URL_` varchar(4000) COLLATE utf8_bin DEFAULT NULL,
  `CONTENT_ID_` varchar(64) COLLATE utf8_bin DEFAULT NULL,
  PRIMARY KEY (`ID_`)
) ENGINE=InnoDB DEFAULT CHARSET=utf8 COLLATE=utf8_bin;

-- ----------------------------
-- Records of act_hi_attachment
-- ----------------------------

-- ----------------------------
-- Table structure for act_hi_comment
-- ----------------------------
DROP TABLE IF EXISTS `act_hi_comment`;
CREATE TABLE `act_hi_comment` (
  `ID_` varchar(64) COLLATE utf8_bin NOT NULL,
  `TYPE_` varchar(255) COLLATE utf8_bin DEFAULT NULL,
  `TIME_` datetime(3) NOT NULL,
  `USER_ID_` varchar(255) COLLATE utf8_bin DEFAULT NULL,
  `TASK_ID_` varchar(64) COLLATE utf8_bin DEFAULT NULL,
  `PROC_INST_ID_` varchar(64) COLLATE utf8_bin DEFAULT NULL,
  `ACTION_` varchar(255) COLLATE utf8_bin DEFAULT NULL,
  `MESSAGE_` varchar(4000) COLLATE utf8_bin DEFAULT NULL,
  `FULL_MSG_` longblob,
  PRIMARY KEY (`ID_`)
) ENGINE=InnoDB DEFAULT CHARSET=utf8 COLLATE=utf8_bin;

-- ----------------------------
-- Records of act_hi_comment
-- ----------------------------

-- ----------------------------
-- Table structure for act_hi_detail
-- ----------------------------
DROP TABLE IF EXISTS `act_hi_detail`;
CREATE TABLE `act_hi_detail` (
  `ID_` varchar(64) COLLATE utf8_bin NOT NULL,
  `TYPE_` varchar(255) COLLATE utf8_bin NOT NULL,
  `PROC_INST_ID_` varchar(64) COLLATE utf8_bin DEFAULT NULL,
  `EXECUTION_ID_` varchar(64) COLLATE utf8_bin DEFAULT NULL,
  `TASK_ID_` varchar(64) COLLATE utf8_bin DEFAULT NULL,
  `ACT_INST_ID_` varchar(64) COLLATE utf8_bin DEFAULT NULL,
  `NAME_` varchar(255) COLLATE utf8_bin NOT NULL,
  `VAR_TYPE_` varchar(255) COLLATE utf8_bin DEFAULT NULL,
  `REV_` int(11) DEFAULT NULL,
  `TIME_` datetime(3) NOT NULL,
  `BYTEARRAY_ID_` varchar(64) COLLATE utf8_bin DEFAULT NULL,
  `DOUBLE_` double DEFAULT NULL,
  `LONG_` bigint(20) DEFAULT NULL,
  `TEXT_` varchar(4000) COLLATE utf8_bin DEFAULT NULL,
  `TEXT2_` varchar(4000) COLLATE utf8_bin DEFAULT NULL,
  PRIMARY KEY (`ID_`),
  KEY `ACT_IDX_HI_DETAIL_PROC_INST` (`PROC_INST_ID_`),
  KEY `ACT_IDX_HI_DETAIL_ACT_INST` (`ACT_INST_ID_`),
  KEY `ACT_IDX_HI_DETAIL_TIME` (`TIME_`),
  KEY `ACT_IDX_HI_DETAIL_NAME` (`NAME_`),
  KEY `ACT_IDX_HI_DETAIL_TASK_ID` (`TASK_ID_`)
) ENGINE=InnoDB DEFAULT CHARSET=utf8 COLLATE=utf8_bin;

-- ----------------------------
-- Records of act_hi_detail
-- ----------------------------

-- ----------------------------
-- Table structure for act_hi_identitylink
-- ----------------------------
DROP TABLE IF EXISTS `act_hi_identitylink`;
CREATE TABLE `act_hi_identitylink` (
  `ID_` varchar(64) COLLATE utf8_bin NOT NULL,
  `GROUP_ID_` varchar(255) COLLATE utf8_bin DEFAULT NULL,
  `TYPE_` varchar(255) COLLATE utf8_bin DEFAULT NULL,
  `USER_ID_` varchar(255) COLLATE utf8_bin DEFAULT NULL,
  `TASK_ID_` varchar(64) COLLATE utf8_bin DEFAULT NULL,
  `PROC_INST_ID_` varchar(64) COLLATE utf8_bin DEFAULT NULL,
  PRIMARY KEY (`ID_`),
  KEY `ACT_IDX_HI_IDENT_LNK_USER` (`USER_ID_`),
  KEY `ACT_IDX_HI_IDENT_LNK_TASK` (`TASK_ID_`),
  KEY `ACT_IDX_HI_IDENT_LNK_PROCINST` (`PROC_INST_ID_`)
) ENGINE=InnoDB DEFAULT CHARSET=utf8 COLLATE=utf8_bin;

-- ----------------------------
-- Records of act_hi_identitylink
-- ----------------------------

-- ----------------------------
-- Table structure for act_hi_procinst
-- ----------------------------
DROP TABLE IF EXISTS `act_hi_procinst`;
CREATE TABLE `act_hi_procinst` (
  `ID_` varchar(64) COLLATE utf8_bin NOT NULL,
  `PROC_INST_ID_` varchar(64) COLLATE utf8_bin NOT NULL,
  `BUSINESS_KEY_` varchar(255) COLLATE utf8_bin DEFAULT NULL,
  `PROC_DEF_ID_` varchar(64) COLLATE utf8_bin NOT NULL,
  `START_TIME_` datetime(3) NOT NULL,
  `END_TIME_` datetime(3) DEFAULT NULL,
  `DURATION_` bigint(20) DEFAULT NULL,
  `START_USER_ID_` varchar(255) COLLATE utf8_bin DEFAULT NULL,
  `START_ACT_ID_` varchar(255) COLLATE utf8_bin DEFAULT NULL,
  `END_ACT_ID_` varchar(255) COLLATE utf8_bin DEFAULT NULL,
  `SUPER_PROCESS_INSTANCE_ID_` varchar(64) COLLATE utf8_bin DEFAULT NULL,
  `DELETE_REASON_` varchar(4000) COLLATE utf8_bin DEFAULT NULL,
  `TENANT_ID_` varchar(255) COLLATE utf8_bin DEFAULT '',
  `NAME_` varchar(255) COLLATE utf8_bin DEFAULT NULL,
  PRIMARY KEY (`ID_`),
  UNIQUE KEY `PROC_INST_ID_` (`PROC_INST_ID_`),
  KEY `ACT_IDX_HI_PRO_INST_END` (`END_TIME_`),
  KEY `ACT_IDX_HI_PRO_I_BUSKEY` (`BUSINESS_KEY_`)
) ENGINE=InnoDB DEFAULT CHARSET=utf8 COLLATE=utf8_bin;

-- ----------------------------
-- Records of act_hi_procinst
-- ----------------------------

-- ----------------------------
-- Table structure for act_hi_taskinst
-- ----------------------------
DROP TABLE IF EXISTS `act_hi_taskinst`;
CREATE TABLE `act_hi_taskinst` (
  `ID_` varchar(64) COLLATE utf8_bin NOT NULL,
  `PROC_DEF_ID_` varchar(64) COLLATE utf8_bin DEFAULT NULL,
  `TASK_DEF_KEY_` varchar(255) COLLATE utf8_bin DEFAULT NULL,
  `PROC_INST_ID_` varchar(64) COLLATE utf8_bin DEFAULT NULL,
  `EXECUTION_ID_` varchar(64) COLLATE utf8_bin DEFAULT NULL,
  `NAME_` varchar(255) COLLATE utf8_bin DEFAULT NULL,
  `PARENT_TASK_ID_` varchar(64) COLLATE utf8_bin DEFAULT NULL,
  `DESCRIPTION_` varchar(4000) COLLATE utf8_bin DEFAULT NULL,
  `OWNER_` varchar(255) COLLATE utf8_bin DEFAULT NULL,
  `ASSIGNEE_` varchar(255) COLLATE utf8_bin DEFAULT NULL,
  `START_TIME_` datetime(3) NOT NULL,
  `CLAIM_TIME_` datetime(3) DEFAULT NULL,
  `END_TIME_` datetime(3) DEFAULT NULL,
  `DURATION_` bigint(20) DEFAULT NULL,
  `DELETE_REASON_` varchar(4000) COLLATE utf8_bin DEFAULT NULL,
  `PRIORITY_` int(11) DEFAULT NULL,
  `DUE_DATE_` datetime(3) DEFAULT NULL,
  `FORM_KEY_` varchar(255) COLLATE utf8_bin DEFAULT NULL,
  `CATEGORY_` varchar(255) COLLATE utf8_bin DEFAULT NULL,
  `TENANT_ID_` varchar(255) COLLATE utf8_bin DEFAULT '',
  PRIMARY KEY (`ID_`)
) ENGINE=InnoDB DEFAULT CHARSET=utf8 COLLATE=utf8_bin;

-- ----------------------------
-- Records of act_hi_taskinst
-- ----------------------------

-- ----------------------------
-- Table structure for act_hi_varinst
-- ----------------------------
DROP TABLE IF EXISTS `act_hi_varinst`;
CREATE TABLE `act_hi_varinst` (
  `ID_` varchar(64) COLLATE utf8_bin NOT NULL,
  `PROC_INST_ID_` varchar(64) COLLATE utf8_bin DEFAULT NULL,
  `EXECUTION_ID_` varchar(64) COLLATE utf8_bin DEFAULT NULL,
  `TASK_ID_` varchar(64) COLLATE utf8_bin DEFAULT NULL,
  `NAME_` varchar(255) COLLATE utf8_bin NOT NULL,
  `VAR_TYPE_` varchar(100) COLLATE utf8_bin DEFAULT NULL,
  `REV_` int(11) DEFAULT NULL,
  `BYTEARRAY_ID_` varchar(64) COLLATE utf8_bin DEFAULT NULL,
  `DOUBLE_` double DEFAULT NULL,
  `LONG_` bigint(20) DEFAULT NULL,
  `TEXT_` varchar(4000) COLLATE utf8_bin DEFAULT NULL,
  `TEXT2_` varchar(4000) COLLATE utf8_bin DEFAULT NULL,
  `CREATE_TIME_` datetime(3) DEFAULT NULL,
  `LAST_UPDATED_TIME_` datetime(3) DEFAULT NULL,
  PRIMARY KEY (`ID_`),
  KEY `ACT_IDX_HI_PROCVAR_PROC_INST` (`PROC_INST_ID_`),
  KEY `ACT_IDX_HI_PROCVAR_NAME_TYPE` (`NAME_`,`VAR_TYPE_`)
) ENGINE=InnoDB DEFAULT CHARSET=utf8 COLLATE=utf8_bin;

-- ----------------------------
-- Records of act_hi_varinst
-- ----------------------------

-- ----------------------------
-- Table structure for act_id_group
-- ----------------------------
DROP TABLE IF EXISTS `act_id_group`;
CREATE TABLE `act_id_group` (
  `ID_` varchar(64) COLLATE utf8_bin NOT NULL,
  `REV_` int(11) DEFAULT NULL,
  `NAME_` varchar(255) COLLATE utf8_bin DEFAULT NULL,
  `TYPE_` varchar(255) COLLATE utf8_bin DEFAULT NULL,
  PRIMARY KEY (`ID_`)
) ENGINE=InnoDB DEFAULT CHARSET=utf8 COLLATE=utf8_bin;

-- ----------------------------
-- Records of act_id_group
-- ----------------------------

-- ----------------------------
-- Table structure for act_id_info
-- ----------------------------
DROP TABLE IF EXISTS `act_id_info`;
CREATE TABLE `act_id_info` (
  `ID_` varchar(64) COLLATE utf8_bin NOT NULL,
  `REV_` int(11) DEFAULT NULL,
  `USER_ID_` varchar(64) COLLATE utf8_bin DEFAULT NULL,
  `TYPE_` varchar(64) COLLATE utf8_bin DEFAULT NULL,
  `KEY_` varchar(255) COLLATE utf8_bin DEFAULT NULL,
  `VALUE_` varchar(255) COLLATE utf8_bin DEFAULT NULL,
  `PASSWORD_` longblob,
  `PARENT_ID_` varchar(255) COLLATE utf8_bin DEFAULT NULL,
  PRIMARY KEY (`ID_`)
) ENGINE=InnoDB DEFAULT CHARSET=utf8 COLLATE=utf8_bin;

-- ----------------------------
-- Records of act_id_info
-- ----------------------------

-- ----------------------------
-- Table structure for act_id_membership
-- ----------------------------
DROP TABLE IF EXISTS `act_id_membership`;
CREATE TABLE `act_id_membership` (
  `USER_ID_` varchar(64) COLLATE utf8_bin NOT NULL,
  `GROUP_ID_` varchar(64) COLLATE utf8_bin NOT NULL,
  PRIMARY KEY (`USER_ID_`,`GROUP_ID_`),
  KEY `ACT_FK_MEMB_GROUP` (`GROUP_ID_`),
  CONSTRAINT `ACT_FK_MEMB_GROUP` FOREIGN KEY (`GROUP_ID_`) REFERENCES `act_id_group` (`ID_`),
  CONSTRAINT `ACT_FK_MEMB_USER` FOREIGN KEY (`USER_ID_`) REFERENCES `act_id_user` (`ID_`)
) ENGINE=InnoDB DEFAULT CHARSET=utf8 COLLATE=utf8_bin;

-- ----------------------------
-- Records of act_id_membership
-- ----------------------------

-- ----------------------------
-- Table structure for act_id_user
-- ----------------------------
DROP TABLE IF EXISTS `act_id_user`;
CREATE TABLE `act_id_user` (
  `ID_` varchar(64) COLLATE utf8_bin NOT NULL,
  `REV_` int(11) DEFAULT NULL,
  `FIRST_` varchar(255) COLLATE utf8_bin DEFAULT NULL,
  `LAST_` varchar(255) COLLATE utf8_bin DEFAULT NULL,
  `EMAIL_` varchar(255) COLLATE utf8_bin DEFAULT NULL,
  `PWD_` varchar(255) COLLATE utf8_bin DEFAULT NULL,
  `PICTURE_ID_` varchar(64) COLLATE utf8_bin DEFAULT NULL,
  PRIMARY KEY (`ID_`)
) ENGINE=InnoDB DEFAULT CHARSET=utf8 COLLATE=utf8_bin;

-- ----------------------------
-- Records of act_id_user
-- ----------------------------

-- ----------------------------
-- Table structure for act_re_deployment
-- ----------------------------
DROP TABLE IF EXISTS `act_re_deployment`;
CREATE TABLE `act_re_deployment` (
  `ID_` varchar(64) COLLATE utf8_bin NOT NULL,
  `NAME_` varchar(255) COLLATE utf8_bin DEFAULT NULL,
  `CATEGORY_` varchar(255) COLLATE utf8_bin DEFAULT NULL,
  `TENANT_ID_` varchar(255) COLLATE utf8_bin DEFAULT '',
  `DEPLOY_TIME_` timestamp(3) NOT NULL DEFAULT CURRENT_TIMESTAMP(3) ON UPDATE CURRENT_TIMESTAMP(3),
  PRIMARY KEY (`ID_`)
) ENGINE=InnoDB DEFAULT CHARSET=utf8 COLLATE=utf8_bin;

-- ----------------------------
-- Records of act_re_deployment
-- ----------------------------
INSERT INTO `act_re_deployment` VALUES ('20001', '测试', null, '1', '2016-11-18 16:11:47.000');
INSERT INTO `act_re_deployment` VALUES ('22503', '测试.bpmn', null, '1', '2016-11-19 12:15:14.000');

-- ----------------------------
-- Table structure for act_re_model
-- ----------------------------
DROP TABLE IF EXISTS `act_re_model`;
CREATE TABLE `act_re_model` (
  `ID_` varchar(64) COLLATE utf8_bin NOT NULL,
  `REV_` int(11) DEFAULT NULL,
  `NAME_` varchar(255) COLLATE utf8_bin DEFAULT NULL,
  `KEY_` varchar(255) COLLATE utf8_bin DEFAULT NULL,
  `CATEGORY_` varchar(255) COLLATE utf8_bin DEFAULT NULL,
  `CREATE_TIME_` timestamp(3) NULL DEFAULT NULL,
  `LAST_UPDATE_TIME_` timestamp(3) NULL DEFAULT NULL,
  `VERSION_` int(11) DEFAULT NULL,
  `META_INFO_` varchar(4000) COLLATE utf8_bin DEFAULT NULL,
  `DEPLOYMENT_ID_` varchar(64) COLLATE utf8_bin DEFAULT NULL,
  `EDITOR_SOURCE_VALUE_ID_` varchar(64) COLLATE utf8_bin DEFAULT NULL,
  `EDITOR_SOURCE_EXTRA_VALUE_ID_` varchar(64) COLLATE utf8_bin DEFAULT NULL,
  `TENANT_ID_` varchar(255) COLLATE utf8_bin DEFAULT '',
  PRIMARY KEY (`ID_`),
  KEY `ACT_FK_MODEL_SOURCE` (`EDITOR_SOURCE_VALUE_ID_`),
  KEY `ACT_FK_MODEL_SOURCE_EXTRA` (`EDITOR_SOURCE_EXTRA_VALUE_ID_`),
  KEY `ACT_FK_MODEL_DEPLOYMENT` (`DEPLOYMENT_ID_`),
  CONSTRAINT `ACT_FK_MODEL_DEPLOYMENT` FOREIGN KEY (`DEPLOYMENT_ID_`) REFERENCES `act_re_deployment` (`ID_`),
  CONSTRAINT `ACT_FK_MODEL_SOURCE` FOREIGN KEY (`EDITOR_SOURCE_VALUE_ID_`) REFERENCES `act_ge_bytearray` (`ID_`),
  CONSTRAINT `ACT_FK_MODEL_SOURCE_EXTRA` FOREIGN KEY (`EDITOR_SOURCE_EXTRA_VALUE_ID_`) REFERENCES `act_ge_bytearray` (`ID_`)
) ENGINE=InnoDB DEFAULT CHARSET=utf8 COLLATE=utf8_bin;

-- ----------------------------
-- Records of act_re_model
-- ----------------------------

-- ----------------------------
-- Table structure for act_re_procdef
-- ----------------------------
DROP TABLE IF EXISTS `act_re_procdef`;
CREATE TABLE `act_re_procdef` (
  `ID_` varchar(64) COLLATE utf8_bin NOT NULL,
  `REV_` int(11) DEFAULT NULL,
  `CATEGORY_` varchar(255) COLLATE utf8_bin DEFAULT NULL,
  `NAME_` varchar(255) COLLATE utf8_bin DEFAULT NULL,
  `KEY_` varchar(255) COLLATE utf8_bin NOT NULL,
  `VERSION_` int(11) NOT NULL,
  `DEPLOYMENT_ID_` varchar(64) COLLATE utf8_bin DEFAULT NULL,
  `RESOURCE_NAME_` varchar(4000) COLLATE utf8_bin DEFAULT NULL,
  `DGRM_RESOURCE_NAME_` varchar(4000) COLLATE utf8_bin DEFAULT NULL,
  `DESCRIPTION_` varchar(4000) COLLATE utf8_bin DEFAULT NULL,
  `HAS_START_FORM_KEY_` tinyint(4) DEFAULT NULL,
  `SUSPENSION_STATE_` int(11) DEFAULT NULL,
  `TENANT_ID_` varchar(255) COLLATE utf8_bin DEFAULT '',
  PRIMARY KEY (`ID_`),
  UNIQUE KEY `ACT_UNIQ_PROCDEF` (`KEY_`,`VERSION_`,`TENANT_ID_`)
) ENGINE=InnoDB DEFAULT CHARSET=utf8 COLLATE=utf8_bin;

-- ----------------------------
-- Records of act_re_procdef
-- ----------------------------
INSERT INTO `act_re_procdef` VALUES ('process1479456690214:1:20004', '1', 'demo_wf_process_def', 'process1479456690214', 'process1479456690214', '1', '20001', '测试.bpmn', '测试.process1479456690214.png', null, '0', '1', '1');
INSERT INTO `act_re_procdef` VALUES ('process1479456690214:2:22507', '1', 'undefined', 'process1479456690214', 'process1479456690214', '2', '22503', '测试.bpmn.bpmn', '测试.bpmn.process1479456690214.png', null, '0', '1', '1');

-- ----------------------------
-- Table structure for act_ru_event_subscr
-- ----------------------------
DROP TABLE IF EXISTS `act_ru_event_subscr`;
CREATE TABLE `act_ru_event_subscr` (
  `ID_` varchar(64) COLLATE utf8_bin NOT NULL,
  `REV_` int(11) DEFAULT NULL,
  `EVENT_TYPE_` varchar(255) COLLATE utf8_bin NOT NULL,
  `EVENT_NAME_` varchar(255) COLLATE utf8_bin DEFAULT NULL,
  `EXECUTION_ID_` varchar(64) COLLATE utf8_bin DEFAULT NULL,
  `PROC_INST_ID_` varchar(64) COLLATE utf8_bin DEFAULT NULL,
  `ACTIVITY_ID_` varchar(64) COLLATE utf8_bin DEFAULT NULL,
  `CONFIGURATION_` varchar(255) COLLATE utf8_bin DEFAULT NULL,
  `CREATED_` timestamp(3) NOT NULL DEFAULT CURRENT_TIMESTAMP(3),
  `PROC_DEF_ID_` varchar(64) COLLATE utf8_bin DEFAULT NULL,
  `TENANT_ID_` varchar(255) COLLATE utf8_bin DEFAULT '',
  PRIMARY KEY (`ID_`),
  KEY `ACT_IDX_EVENT_SUBSCR_CONFIG_` (`CONFIGURATION_`),
  KEY `ACT_FK_EVENT_EXEC` (`EXECUTION_ID_`),
  CONSTRAINT `ACT_FK_EVENT_EXEC` FOREIGN KEY (`EXECUTION_ID_`) REFERENCES `act_ru_execution` (`ID_`)
) ENGINE=InnoDB DEFAULT CHARSET=utf8 COLLATE=utf8_bin;

-- ----------------------------
-- Records of act_ru_event_subscr
-- ----------------------------

-- ----------------------------
-- Table structure for act_ru_execution
-- ----------------------------
DROP TABLE IF EXISTS `act_ru_execution`;
CREATE TABLE `act_ru_execution` (
  `ID_` varchar(64) COLLATE utf8_bin NOT NULL,
  `REV_` int(11) DEFAULT NULL,
  `PROC_INST_ID_` varchar(64) COLLATE utf8_bin DEFAULT NULL,
  `BUSINESS_KEY_` varchar(255) COLLATE utf8_bin DEFAULT NULL,
  `PARENT_ID_` varchar(64) COLLATE utf8_bin DEFAULT NULL,
  `PROC_DEF_ID_` varchar(64) COLLATE utf8_bin DEFAULT NULL,
  `SUPER_EXEC_` varchar(64) COLLATE utf8_bin DEFAULT NULL,
  `ACT_ID_` varchar(255) COLLATE utf8_bin DEFAULT NULL,
  `IS_ACTIVE_` tinyint(4) DEFAULT NULL,
  `IS_CONCURRENT_` tinyint(4) DEFAULT NULL,
  `IS_SCOPE_` tinyint(4) DEFAULT NULL,
  `IS_EVENT_SCOPE_` tinyint(4) DEFAULT NULL,
  `SUSPENSION_STATE_` int(11) DEFAULT NULL,
  `CACHED_ENT_STATE_` int(11) DEFAULT NULL,
  `TENANT_ID_` varchar(255) COLLATE utf8_bin DEFAULT '',
  `NAME_` varchar(255) COLLATE utf8_bin DEFAULT NULL,
  PRIMARY KEY (`ID_`),
  KEY `ACT_IDX_EXEC_BUSKEY` (`BUSINESS_KEY_`),
  KEY `ACT_FK_EXE_PROCINST` (`PROC_INST_ID_`),
  KEY `ACT_FK_EXE_PARENT` (`PARENT_ID_`),
  KEY `ACT_FK_EXE_SUPER` (`SUPER_EXEC_`),
  KEY `ACT_FK_EXE_PROCDEF` (`PROC_DEF_ID_`),
  CONSTRAINT `ACT_FK_EXE_PARENT` FOREIGN KEY (`PARENT_ID_`) REFERENCES `act_ru_execution` (`ID_`),
  CONSTRAINT `ACT_FK_EXE_PROCDEF` FOREIGN KEY (`PROC_DEF_ID_`) REFERENCES `act_re_procdef` (`ID_`),
  CONSTRAINT `ACT_FK_EXE_PROCINST` FOREIGN KEY (`PROC_INST_ID_`) REFERENCES `act_ru_execution` (`ID_`) ON DELETE CASCADE ON UPDATE CASCADE,
  CONSTRAINT `ACT_FK_EXE_SUPER` FOREIGN KEY (`SUPER_EXEC_`) REFERENCES `act_ru_execution` (`ID_`)
) ENGINE=InnoDB DEFAULT CHARSET=utf8 COLLATE=utf8_bin;

-- ----------------------------
-- Records of act_ru_execution
-- ----------------------------

-- ----------------------------
-- Table structure for act_ru_identitylink
-- ----------------------------
DROP TABLE IF EXISTS `act_ru_identitylink`;
CREATE TABLE `act_ru_identitylink` (
  `ID_` varchar(64) COLLATE utf8_bin NOT NULL,
  `REV_` int(11) DEFAULT NULL,
  `GROUP_ID_` varchar(255) COLLATE utf8_bin DEFAULT NULL,
  `TYPE_` varchar(255) COLLATE utf8_bin DEFAULT NULL,
  `USER_ID_` varchar(255) COLLATE utf8_bin DEFAULT NULL,
  `TASK_ID_` varchar(64) COLLATE utf8_bin DEFAULT NULL,
  `PROC_INST_ID_` varchar(64) COLLATE utf8_bin DEFAULT NULL,
  `PROC_DEF_ID_` varchar(64) COLLATE utf8_bin DEFAULT NULL,
  PRIMARY KEY (`ID_`),
  KEY `ACT_IDX_IDENT_LNK_USER` (`USER_ID_`),
  KEY `ACT_IDX_IDENT_LNK_GROUP` (`GROUP_ID_`),
  KEY `ACT_IDX_ATHRZ_PROCEDEF` (`PROC_DEF_ID_`),
  KEY `ACT_FK_TSKASS_TASK` (`TASK_ID_`),
  KEY `ACT_FK_IDL_PROCINST` (`PROC_INST_ID_`),
  CONSTRAINT `ACT_FK_ATHRZ_PROCEDEF` FOREIGN KEY (`PROC_DEF_ID_`) REFERENCES `act_re_procdef` (`ID_`),
  CONSTRAINT `ACT_FK_IDL_PROCINST` FOREIGN KEY (`PROC_INST_ID_`) REFERENCES `act_ru_execution` (`ID_`),
  CONSTRAINT `ACT_FK_TSKASS_TASK` FOREIGN KEY (`TASK_ID_`) REFERENCES `act_ru_task` (`ID_`)
) ENGINE=InnoDB DEFAULT CHARSET=utf8 COLLATE=utf8_bin;

-- ----------------------------
-- Records of act_ru_identitylink
-- ----------------------------

-- ----------------------------
-- Table structure for act_ru_job
-- ----------------------------
DROP TABLE IF EXISTS `act_ru_job`;
CREATE TABLE `act_ru_job` (
  `ID_` varchar(64) COLLATE utf8_bin NOT NULL,
  `REV_` int(11) DEFAULT NULL,
  `TYPE_` varchar(255) COLLATE utf8_bin NOT NULL,
  `LOCK_EXP_TIME_` timestamp(3) NULL DEFAULT NULL,
  `LOCK_OWNER_` varchar(255) COLLATE utf8_bin DEFAULT NULL,
  `EXCLUSIVE_` tinyint(1) DEFAULT NULL,
  `EXECUTION_ID_` varchar(64) COLLATE utf8_bin DEFAULT NULL,
  `PROCESS_INSTANCE_ID_` varchar(64) COLLATE utf8_bin DEFAULT NULL,
  `PROC_DEF_ID_` varchar(64) COLLATE utf8_bin DEFAULT NULL,
  `RETRIES_` int(11) DEFAULT NULL,
  `EXCEPTION_STACK_ID_` varchar(64) COLLATE utf8_bin DEFAULT NULL,
  `EXCEPTION_MSG_` varchar(4000) COLLATE utf8_bin DEFAULT NULL,
  `DUEDATE_` timestamp(3) NULL DEFAULT NULL,
  `REPEAT_` varchar(255) COLLATE utf8_bin DEFAULT NULL,
  `HANDLER_TYPE_` varchar(255) COLLATE utf8_bin DEFAULT NULL,
  `HANDLER_CFG_` varchar(4000) COLLATE utf8_bin DEFAULT NULL,
  `TENANT_ID_` varchar(255) COLLATE utf8_bin DEFAULT '',
  PRIMARY KEY (`ID_`),
  KEY `ACT_FK_JOB_EXCEPTION` (`EXCEPTION_STACK_ID_`),
  CONSTRAINT `ACT_FK_JOB_EXCEPTION` FOREIGN KEY (`EXCEPTION_STACK_ID_`) REFERENCES `act_ge_bytearray` (`ID_`)
) ENGINE=InnoDB DEFAULT CHARSET=utf8 COLLATE=utf8_bin;

-- ----------------------------
-- Records of act_ru_job
-- ----------------------------

-- ----------------------------
-- Table structure for act_ru_task
-- ----------------------------
DROP TABLE IF EXISTS `act_ru_task`;
CREATE TABLE `act_ru_task` (
  `ID_` varchar(64) COLLATE utf8_bin NOT NULL,
  `REV_` int(11) DEFAULT NULL,
  `EXECUTION_ID_` varchar(64) COLLATE utf8_bin DEFAULT NULL,
  `PROC_INST_ID_` varchar(64) COLLATE utf8_bin DEFAULT NULL,
  `PROC_DEF_ID_` varchar(64) COLLATE utf8_bin DEFAULT NULL,
  `NAME_` varchar(255) COLLATE utf8_bin DEFAULT NULL,
  `PARENT_TASK_ID_` varchar(64) COLLATE utf8_bin DEFAULT NULL,
  `DESCRIPTION_` varchar(4000) COLLATE utf8_bin DEFAULT NULL,
  `TASK_DEF_KEY_` varchar(255) COLLATE utf8_bin DEFAULT NULL,
  `OWNER_` varchar(255) COLLATE utf8_bin DEFAULT NULL,
  `ASSIGNEE_` varchar(255) COLLATE utf8_bin DEFAULT NULL,
  `DELEGATION_` varchar(64) COLLATE utf8_bin DEFAULT NULL,
  `PRIORITY_` int(11) DEFAULT NULL,
  `CREATE_TIME_` timestamp(3) NOT NULL DEFAULT CURRENT_TIMESTAMP(3) ON UPDATE CURRENT_TIMESTAMP(3),
  `DUE_DATE_` datetime(3) DEFAULT NULL,
  `CATEGORY_` varchar(255) COLLATE utf8_bin DEFAULT NULL,
  `SUSPENSION_STATE_` int(11) DEFAULT NULL,
  `TENANT_ID_` varchar(255) COLLATE utf8_bin DEFAULT '',
  `FORM_KEY_` varchar(255) COLLATE utf8_bin DEFAULT NULL,
  PRIMARY KEY (`ID_`),
  KEY `ACT_IDX_TASK_CREATE` (`CREATE_TIME_`),
  KEY `ACT_FK_TASK_EXE` (`EXECUTION_ID_`),
  KEY `ACT_FK_TASK_PROCINST` (`PROC_INST_ID_`),
  KEY `ACT_FK_TASK_PROCDEF` (`PROC_DEF_ID_`),
  CONSTRAINT `ACT_FK_TASK_EXE` FOREIGN KEY (`EXECUTION_ID_`) REFERENCES `act_ru_execution` (`ID_`),
  CONSTRAINT `ACT_FK_TASK_PROCDEF` FOREIGN KEY (`PROC_DEF_ID_`) REFERENCES `act_re_procdef` (`ID_`),
  CONSTRAINT `ACT_FK_TASK_PROCINST` FOREIGN KEY (`PROC_INST_ID_`) REFERENCES `act_ru_execution` (`ID_`)
) ENGINE=InnoDB DEFAULT CHARSET=utf8 COLLATE=utf8_bin;

-- ----------------------------
-- Records of act_ru_task
-- ----------------------------

-- ----------------------------
-- Table structure for act_ru_variable
-- ----------------------------
DROP TABLE IF EXISTS `act_ru_variable`;
CREATE TABLE `act_ru_variable` (
  `ID_` varchar(64) COLLATE utf8_bin NOT NULL,
  `REV_` int(11) DEFAULT NULL,
  `TYPE_` varchar(255) COLLATE utf8_bin NOT NULL,
  `NAME_` varchar(255) COLLATE utf8_bin NOT NULL,
  `EXECUTION_ID_` varchar(64) COLLATE utf8_bin DEFAULT NULL,
  `PROC_INST_ID_` varchar(64) COLLATE utf8_bin DEFAULT NULL,
  `TASK_ID_` varchar(64) COLLATE utf8_bin DEFAULT NULL,
  `BYTEARRAY_ID_` varchar(64) COLLATE utf8_bin DEFAULT NULL,
  `DOUBLE_` double DEFAULT NULL,
  `LONG_` bigint(20) DEFAULT NULL,
  `TEXT_` varchar(4000) COLLATE utf8_bin DEFAULT NULL,
  `TEXT2_` varchar(4000) COLLATE utf8_bin DEFAULT NULL,
  PRIMARY KEY (`ID_`),
  KEY `ACT_IDX_VARIABLE_TASK_ID` (`TASK_ID_`),
  KEY `ACT_FK_VAR_EXE` (`EXECUTION_ID_`),
  KEY `ACT_FK_VAR_PROCINST` (`PROC_INST_ID_`),
  KEY `ACT_FK_VAR_BYTEARRAY` (`BYTEARRAY_ID_`),
  CONSTRAINT `ACT_FK_VAR_BYTEARRAY` FOREIGN KEY (`BYTEARRAY_ID_`) REFERENCES `act_ge_bytearray` (`ID_`),
  CONSTRAINT `ACT_FK_VAR_EXE` FOREIGN KEY (`EXECUTION_ID_`) REFERENCES `act_ru_execution` (`ID_`),
  CONSTRAINT `ACT_FK_VAR_PROCINST` FOREIGN KEY (`PROC_INST_ID_`) REFERENCES `act_ru_execution` (`ID_`)
) ENGINE=InnoDB DEFAULT CHARSET=utf8 COLLATE=utf8_bin;

-- ----------------------------
-- Records of act_ru_variable
-- ----------------------------

-- ----------------------------
-- Table structure for conf_dictionary
-- ----------------------------
DROP TABLE IF EXISTS `conf_dictionary`;
CREATE TABLE `conf_dictionary` (
  `id` int(11) NOT NULL AUTO_INCREMENT,
  `cn_name` varchar(200) NOT NULL,
  `description` varchar(500) DEFAULT NULL,
  `name` varchar(200) NOT NULL,
  PRIMARY KEY (`id`),
  UNIQUE KEY `name` (`name`)
) ENGINE=InnoDB AUTO_INCREMENT=6 DEFAULT CHARSET=utf8;

-- ----------------------------
-- Records of conf_dictionary
-- ----------------------------
INSERT INTO `conf_dictionary` VALUES ('1', '是否', '', 'yesNo');
INSERT INTO `conf_dictionary` VALUES ('2', '性别', '', 'sex');
INSERT INTO `conf_dictionary` VALUES ('3', '表单类型', '', 'formType');
INSERT INTO `conf_dictionary` VALUES ('4', '字段类型', '', 'fieldType');
INSERT INTO `conf_dictionary` VALUES ('5', '默认字段值', '', 'fieldDefault');

-- ----------------------------
-- Table structure for conf_dictitem
-- ----------------------------
DROP TABLE IF EXISTS `conf_dictitem`;
CREATE TABLE `conf_dictitem` (
  `id` int(11) NOT NULL AUTO_INCREMENT,
  `code` varchar(50) DEFAULT NULL,
  `description` varchar(500) DEFAULT NULL,
  `name` varchar(200) NOT NULL,
  `orderby` int(11) DEFAULT NULL,
  `dictionary` int(11) DEFAULT NULL,
  PRIMARY KEY (`id`),
  UNIQUE KEY `name` (`name`),
  KEY `FK_DICTITEM_DICTIONARY` (`dictionary`),
  CONSTRAINT `FK_DICTITEM_DICTIONARY` FOREIGN KEY (`dictionary`) REFERENCES `conf_dictionary` (`id`)
) ENGINE=InnoDB AUTO_INCREMENT=58 DEFAULT CHARSET=utf8;

-- ----------------------------
-- Records of conf_dictitem
-- ----------------------------
INSERT INTO `conf_dictitem` VALUES ('11', '1', '', '是', '1', '1');
INSERT INTO `conf_dictitem` VALUES ('12', '2', '', '否', '2', '1');
INSERT INTO `conf_dictitem` VALUES ('21', '1', '', '男', '1', '2');
INSERT INTO `conf_dictitem` VALUES ('22', '2', '', '女', '2', '2');
INSERT INTO `conf_dictitem` VALUES ('31', '1', '', '公文管理', '1', '3');
INSERT INTO `conf_dictitem` VALUES ('32', '2', '', '案例管理', '2', '3');
INSERT INTO `conf_dictitem` VALUES ('41', '1', '', '字符', '1', '4');
INSERT INTO `conf_dictitem` VALUES ('42', '2', '', '整数', '2', '4');
INSERT INTO `conf_dictitem` VALUES ('43', '3', '', '小数', '3', '4');
INSERT INTO `conf_dictitem` VALUES ('44', '4', '', '日期', '4', '4');
INSERT INTO `conf_dictitem` VALUES ('45', '5', '', '文本', '5', '4');
INSERT INTO `conf_dictitem` VALUES ('51', '1', '', '当前用户Id', '1', '5');
INSERT INTO `conf_dictitem` VALUES ('52', '2', '', '当前用户名称', '2', '5');
INSERT INTO `conf_dictitem` VALUES ('53', '3', '', '当前用户部门Id', '3', '5');
INSERT INTO `conf_dictitem` VALUES ('54', '4', '', '当前用户部门名称', '4', '5');
INSERT INTO `conf_dictitem` VALUES ('55', '5', '', '当前日期yyyy-MM-dd', '5', '5');
INSERT INTO `conf_dictitem` VALUES ('56', '6', '', '当前时间yyyy-MM-dd HH:mm:ss', '6', '5');
INSERT INTO `conf_dictitem` VALUES ('57', '7', '', '当前年月yyyy-MM', '7', '5');

-- ----------------------------
-- Table structure for df_autoprev
-- ----------------------------
DROP TABLE IF EXISTS `df_autoprev`;
CREATE TABLE `df_autoprev` (
  `ID` int(11) NOT NULL AUTO_INCREMENT,
  `deptid` int(11) DEFAULT NULL,
  `prev` varchar(500) DEFAULT NULL,
  PRIMARY KEY (`ID`)
) ENGINE=InnoDB AUTO_INCREMENT=3 DEFAULT CHARSET=utf8;

-- ----------------------------
-- Records of df_autoprev
-- ----------------------------
INSERT INTO `df_autoprev` VALUES ('1', '200202', '111');
INSERT INTO `df_autoprev` VALUES ('2', '200203', 'qqqq');

-- ----------------------------
-- Table structure for df_field
-- ----------------------------
DROP TABLE IF EXISTS `df_field`;
CREATE TABLE `df_field` (
  `id` bigint(20) NOT NULL AUTO_INCREMENT,
  `auto` varchar(255) DEFAULT NULL,
  `auto_prev` varchar(255) DEFAULT NULL,
  `cnname` varchar(255) DEFAULT NULL,
  `data_type` varchar(255) DEFAULT NULL,
  `date_format` varchar(255) DEFAULT NULL,
  `default_value` varchar(4000) DEFAULT NULL,
  `enname` varchar(255) DEFAULT NULL,
  `form_id` bigint(20) NOT NULL,
  `other_input` varchar(255) DEFAULT NULL,
  `other_read` varchar(255) DEFAULT NULL,
  `other_value` varchar(4000) DEFAULT NULL,
  `select_rule` varchar(4000) DEFAULT NULL,
  `show_title` varchar(255) DEFAULT NULL,
  `show_type` varchar(255) DEFAULT NULL,
  `validate` varchar(255) DEFAULT NULL,
  `auto_type` varchar(255) DEFAULT NULL,
  `ext_type` varchar(255) DEFAULT NULL,
  PRIMARY KEY (`id`)
) ENGINE=InnoDB AUTO_INCREMENT=22 DEFAULT CHARSET=utf8;

-- ----------------------------
-- Records of df_field
-- ----------------------------
INSERT INTO `df_field` VALUES ('1', '', '', '啊啊啊', 'char', null, '', 'aaaaa', '5', '', '', '', '', null, 'input', '', null, null);
INSERT INTO `df_field` VALUES ('2', '', '', '啊啊啊', 'char', null, '', 'aaaaa', '6', '', '', '', '', null, 'input', '', null, null);
INSERT INTO `df_field` VALUES ('8', '', '', '1', 'char', null, '', '1', '1', '', '', '', '', '', 'input', '', '', 'input');
INSERT INTO `df_field` VALUES ('9', '', '', '2', 'char', null, '', '2', '1', '', '', '', '', '', 'input', '', '', 'user');
INSERT INTO `df_field` VALUES ('10', '', '', '3', 'char', null, '', '3', '1', '', '', '', '', '', 'input', '', '', 'radio');
INSERT INTO `df_field` VALUES ('11', '', '', '4', 'char', null, '', '4', '1', '', '', '', '', '', 'input', '', '', 'checkbox');
INSERT INTO `df_field` VALUES ('19', '', '', '6', 'char', null, '', '6', '1', '', '', '', '', '', 'textarea', '', '', 'mutitext');
INSERT INTO `df_field` VALUES ('20', '', '', '5', 'char', null, '', '5', '1', '', '', '', '', '', 'select', '', '', '');
INSERT INTO `df_field` VALUES ('21', '', '', '7', 'char', null, '', '7', '1', '', '', '', '', '', 'file', '', '', 'fix');

-- ----------------------------
-- Table structure for df_form
-- ----------------------------
DROP TABLE IF EXISTS `df_form`;
CREATE TABLE `df_form` (
  `id` bigint(20) NOT NULL AUTO_INCREMENT,
  `content_html` longtext,
  `create_time` varchar(255) DEFAULT NULL,
  `creator` varchar(255) DEFAULT NULL,
  `display_name` varchar(255) DEFAULT NULL,
  `field_num` int(11) NOT NULL,
  `name` varchar(255) DEFAULT NULL,
  `type` varchar(255) DEFAULT NULL,
  `form_type` varchar(255) DEFAULT NULL,
  `show_title` varchar(255) DEFAULT NULL,
  PRIMARY KEY (`id`)
) ENGINE=InnoDB AUTO_INCREMENT=7 DEFAULT CHARSET=utf8;

-- ----------------------------
-- Records of df_form
-- ----------------------------
INSERT INTO `df_form` VALUES ('1', '<p><br/></p><p><input name=\"\" type=\"input\" plugins=\"extdig-textbox\" showtype=\"input\" cnname=\"1\" enname=\"1\" datatype=\"char\" autoprev=\"\" dateformat=\"yyyy年MM月dd日\" exttype=\"input\" defaultvalue=\"\" mheight=\"0\" mwidth=\"0\" munit=\"px\" validate=\"\" selectrule=\"\" othervalue=\"\" otherread=\"\"/></p><p><br/></p><p><input name=\"\" type=\"input\" plugins=\"extdig-textbox\" showtype=\"input\" cnname=\"2\" enname=\"2\" datatype=\"char\" autoprev=\"\" dateformat=\"yyyy年MM月dd日\" exttype=\"user\" defaultvalue=\"\" mheight=\"0\" mwidth=\"0\" munit=\"px\" validate=\"\" selectrule=\"\" othervalue=\"\" otherread=\"\" style=\"\"/></p><p><br/></p><p><input name=\"\" type=\"radio\" plugins=\"extdig-radio\" datatype=\"char\" showtype=\"input\" exttype=\"radio\" cnname=\"3\" enname=\"3\" defaultvalue=\"\" mheight=\"0\" mwidth=\"0\" munit=\"px\" validate=\"\" selectrule=\"\" othervalue=\"\" otherread=\"\" style=\"\"/></p><p><br/></p><p><input name=\"\" type=\"checkbox\" plugins=\"extdig-checkbox\" datatype=\"char\" showtype=\"input\" exttype=\"checkbox\" cnname=\"4\" enname=\"4\" defaultvalue=\"\" mheight=\"0\" mwidth=\"0\" munit=\"px\" validate=\"\" selectrule=\"\" othervalue=\"\" otherread=\"\" style=\"\"/></p><p><br/></p><p><select name=\"\" plugins=\"extdig-select\" datatype=\"char\" showtype=\"select\" exttype=\"\" cnname=\"5\" enname=\"5\" defaultvalue=\"\" mheight=\"0\" mwidth=\"0\" munit=\"px\" validate=\"\" selectrule=\"\" othervalue=\"\" otherread=\"\" style=\"\"></select></p><p><br/></p><p><textarea name=\"\" plugins=\"extdig-textarea\" datatype=\"char\" showtype=\"textarea\" cnname=\"6\" enname=\"6\" exttype=\"mutitext\" defaultvalue=\"\" mheight=\"0\" mwidth=\"0\" munit=\"px\" validate=\"\" selectrule=\"\" othervalue=\"\" otherread=\"\" style=\"\"></textarea></p><p><br/></p><p><input name=\"\" type=\"file\" plugins=\"extdig-upload\" datatype=\"char\" showtype=\"file\" cnname=\"7\" enname=\"7\" exttype=\"fix\" mheight=\"0\" mwidth=\"0\" munit=\"px\" style=\"\"/></p>', '2016-11-14 15:00:16', 'admin', '啊啊啊', '0', '啊啊啊', 'html', '1', '是');
INSERT INTO `df_form` VALUES ('5', '<p><input name=\"\" plugins=\"extdig-textbox\" cnname=\"啊啊啊\" enname=\"aaaaa\" datatype=\"char\" autoprev=\"\" dateformat=\"yyyy年MM月dd日\" showtype=\"input\" defaultvalue=\"\" mheight=\"0\" mwidth=\"0\" munit=\"px\" validate=\"\" selectrule=\"\" othervalue=\"\" otherread=\"\" style=\"\"/></p>', '2016-10-26 15:28:58', 'admin', '11', '0', '搜索', 'html', '1', null);
INSERT INTO `df_form` VALUES ('6', '<p><input name=\"\" plugins=\"extdig-textbox\" cnname=\"啊啊啊\" enname=\"aaaaa\" datatype=\"char\" autoprev=\"\" dateformat=\"yyyy年MM月dd日\" showtype=\"input\" defaultvalue=\"\" mheight=\"0\" mwidth=\"0\" munit=\"px\" validate=\"\" selectrule=\"\" othervalue=\"\" otherread=\"\" style=\"\"/></p>', '2016-10-26 16:17:18', 'admin', 'ssss', '0', 'sss', 'html', '1', null);

-- ----------------------------
-- Table structure for df_twicefield
-- ----------------------------
DROP TABLE IF EXISTS `df_twicefield`;
CREATE TABLE `df_twicefield` (
  `id` bigint(20) NOT NULL AUTO_INCREMENT,
  `cnname` varchar(255) DEFAULT NULL,
  `data_type` varchar(255) DEFAULT NULL,
  `ele_id` bigint(20) NOT NULL,
  `enname` varchar(255) DEFAULT NULL,
  `form_id` bigint(20) NOT NULL,
  PRIMARY KEY (`id`)
) ENGINE=InnoDB DEFAULT CHARSET=utf8;

-- ----------------------------
-- Records of df_twicefield
-- ----------------------------

-- ----------------------------
-- Table structure for sec_authority
-- ----------------------------
DROP TABLE IF EXISTS `sec_authority`;
CREATE TABLE `sec_authority` (
  `id` int(11) NOT NULL AUTO_INCREMENT,
  `description` varchar(500) DEFAULT NULL,
  `name` varchar(200) NOT NULL,
  PRIMARY KEY (`id`),
  UNIQUE KEY `name` (`name`)
) ENGINE=InnoDB AUTO_INCREMENT=438 DEFAULT CHARSET=utf8;

-- ----------------------------
-- Records of sec_authority
-- ----------------------------
INSERT INTO `sec_authority` VALUES ('101', '待办任务', 'ACTIVETASK');
INSERT INTO `sec_authority` VALUES ('102', '流程实例', 'ORDER');
INSERT INTO `sec_authority` VALUES ('103', '历史任务', 'HISTORYTASK');
INSERT INTO `sec_authority` VALUES ('104', '流程定义', 'PROCESSLIST');
INSERT INTO `sec_authority` VALUES ('105', '流程部署', 'PROCESSDEPLOY');
INSERT INTO `sec_authority` VALUES ('106', '委托授权', 'SURROGATE');
INSERT INTO `sec_authority` VALUES ('301', '字典查询', 'DICTLIST');
INSERT INTO `sec_authority` VALUES ('302', '字典查看', 'DICTVIEW');
INSERT INTO `sec_authority` VALUES ('303', '字典编辑', 'DICTEDIT');
INSERT INTO `sec_authority` VALUES ('304', '字典删除', 'DICTDELETE');
INSERT INTO `sec_authority` VALUES ('311', '表单查询', 'FORMTLIST');
INSERT INTO `sec_authority` VALUES ('312', '表单查看', 'FORMVIEW');
INSERT INTO `sec_authority` VALUES ('313', '表单编辑', 'FORMEDIT');
INSERT INTO `sec_authority` VALUES ('314', '表单删除', 'FORMDELETE');
INSERT INTO `sec_authority` VALUES ('401', '用户查询', 'USERLIST');
INSERT INTO `sec_authority` VALUES ('402', '部门查询', 'ORGLIST');
INSERT INTO `sec_authority` VALUES ('403', '角色查询', 'ROLELIST');
INSERT INTO `sec_authority` VALUES ('404', '权限查询', 'AUTHORITYLIST');
INSERT INTO `sec_authority` VALUES ('405', '资源查询', 'RESOURCELIST');
INSERT INTO `sec_authority` VALUES ('406', '菜单查询', 'MENULIST');
INSERT INTO `sec_authority` VALUES ('411', '用户查看', 'USERVIEW');
INSERT INTO `sec_authority` VALUES ('412', '部门查看', 'ORGVIEW');
INSERT INTO `sec_authority` VALUES ('413', '角色查看', 'ROLEVIEW');
INSERT INTO `sec_authority` VALUES ('414', '权限查看', 'AUTHORITYVIEW');
INSERT INTO `sec_authority` VALUES ('415', '资源查看', 'RESOURCEVIEW');
INSERT INTO `sec_authority` VALUES ('416', '菜单查看', 'MENUVIEW');
INSERT INTO `sec_authority` VALUES ('421', '用户删除', 'USERDELETE');
INSERT INTO `sec_authority` VALUES ('422', '部门删除', 'ORGDELETE');
INSERT INTO `sec_authority` VALUES ('423', '角色删除', 'ROLEDELETE');
INSERT INTO `sec_authority` VALUES ('424', '权限删除', 'AUTHORITYDELETE');
INSERT INTO `sec_authority` VALUES ('425', '资源删除', 'RESOURCEDELETE');
INSERT INTO `sec_authority` VALUES ('426', '菜单删除', 'MENUDELETE');
INSERT INTO `sec_authority` VALUES ('431', '用户编辑', 'USEREDIT');
INSERT INTO `sec_authority` VALUES ('432', '部门编辑', 'ORGEDIT');
INSERT INTO `sec_authority` VALUES ('433', '角色编辑', 'ROLEEDIT');
INSERT INTO `sec_authority` VALUES ('434', '权限编辑', 'AUTHORITYEDIT');
INSERT INTO `sec_authority` VALUES ('435', '资源编辑', 'RESOURCEEDIT');
INSERT INTO `sec_authority` VALUES ('436', '菜单编辑', 'MENUEDIT');
INSERT INTO `sec_authority` VALUES ('437', '', '表单管理');

-- ----------------------------
-- Table structure for sec_authority_resource
-- ----------------------------
DROP TABLE IF EXISTS `sec_authority_resource`;
CREATE TABLE `sec_authority_resource` (
  `authority_id` int(11) NOT NULL,
  `resource_id` int(11) NOT NULL,
  KEY `FK_AUTHORITY_RESOURCE1` (`authority_id`),
  KEY `FK_AUTHORITY_RESOURCE2` (`resource_id`),
  CONSTRAINT `FK_AUTHORITY_RESOURCE1` FOREIGN KEY (`authority_id`) REFERENCES `sec_authority` (`id`),
  CONSTRAINT `FK_AUTHORITY_RESOURCE2` FOREIGN KEY (`resource_id`) REFERENCES `sec_resource` (`id`)
) ENGINE=InnoDB DEFAULT CHARSET=utf8;

-- ----------------------------
-- Records of sec_authority_resource
-- ----------------------------
INSERT INTO `sec_authority_resource` VALUES ('101', '101');
INSERT INTO `sec_authority_resource` VALUES ('102', '102');
INSERT INTO `sec_authority_resource` VALUES ('103', '103');
INSERT INTO `sec_authority_resource` VALUES ('104', '104');
INSERT INTO `sec_authority_resource` VALUES ('105', '105');
INSERT INTO `sec_authority_resource` VALUES ('106', '106');
INSERT INTO `sec_authority_resource` VALUES ('301', '301');
INSERT INTO `sec_authority_resource` VALUES ('302', '302');
INSERT INTO `sec_authority_resource` VALUES ('303', '303');
INSERT INTO `sec_authority_resource` VALUES ('304', '304');
INSERT INTO `sec_authority_resource` VALUES ('311', '311');
INSERT INTO `sec_authority_resource` VALUES ('312', '312');
INSERT INTO `sec_authority_resource` VALUES ('313', '313');
INSERT INTO `sec_authority_resource` VALUES ('314', '314');
INSERT INTO `sec_authority_resource` VALUES ('401', '401');
INSERT INTO `sec_authority_resource` VALUES ('402', '402');
INSERT INTO `sec_authority_resource` VALUES ('403', '403');
INSERT INTO `sec_authority_resource` VALUES ('404', '404');
INSERT INTO `sec_authority_resource` VALUES ('405', '405');
INSERT INTO `sec_authority_resource` VALUES ('406', '406');
INSERT INTO `sec_authority_resource` VALUES ('411', '411');
INSERT INTO `sec_authority_resource` VALUES ('412', '412');
INSERT INTO `sec_authority_resource` VALUES ('413', '413');
INSERT INTO `sec_authority_resource` VALUES ('414', '414');
INSERT INTO `sec_authority_resource` VALUES ('415', '415');
INSERT INTO `sec_authority_resource` VALUES ('416', '416');
INSERT INTO `sec_authority_resource` VALUES ('421', '421');
INSERT INTO `sec_authority_resource` VALUES ('422', '422');
INSERT INTO `sec_authority_resource` VALUES ('423', '423');
INSERT INTO `sec_authority_resource` VALUES ('424', '424');
INSERT INTO `sec_authority_resource` VALUES ('425', '425');
INSERT INTO `sec_authority_resource` VALUES ('426', '426');
INSERT INTO `sec_authority_resource` VALUES ('431', '431');
INSERT INTO `sec_authority_resource` VALUES ('432', '432');
INSERT INTO `sec_authority_resource` VALUES ('433', '433');
INSERT INTO `sec_authority_resource` VALUES ('434', '434');
INSERT INTO `sec_authority_resource` VALUES ('435', '435');
INSERT INTO `sec_authority_resource` VALUES ('436', '436');

-- ----------------------------
-- Table structure for sec_menu
-- ----------------------------
DROP TABLE IF EXISTS `sec_menu`;
CREATE TABLE `sec_menu` (
  `id` int(11) NOT NULL AUTO_INCREMENT,
  `description` varchar(500) DEFAULT NULL,
  `name` varchar(200) NOT NULL,
  `parent_menu` int(11) DEFAULT NULL,
  `orderby` int(11) DEFAULT '0',
  `parentMenu` bigint(20) DEFAULT NULL,
  PRIMARY KEY (`id`),
  KEY `FK375A1C8D462F2CE1` (`parent_menu`),
  CONSTRAINT `FK375A1C8D462F2CE1` FOREIGN KEY (`parent_menu`) REFERENCES `sec_menu` (`id`)
) ENGINE=InnoDB AUTO_INCREMENT=48 DEFAULT CHARSET=utf8;

-- ----------------------------
-- Records of sec_menu
-- ----------------------------
INSERT INTO `sec_menu` VALUES ('1', '', '流程管理', null, '1', null);
INSERT INTO `sec_menu` VALUES ('2', '', '功能模块', null, '2', null);
INSERT INTO `sec_menu` VALUES ('3', '', '配置管理', null, '3', null);
INSERT INTO `sec_menu` VALUES ('4', '', '系统管理', null, '4', null);
INSERT INTO `sec_menu` VALUES ('11', '', '待办任务', '1', '1', null);
INSERT INTO `sec_menu` VALUES ('12', '', '流程实例', '1', '2', null);
INSERT INTO `sec_menu` VALUES ('13', '', '历史任务', '1', '3', null);
INSERT INTO `sec_menu` VALUES ('14', '', '流程定义', '1', '4', null);
INSERT INTO `sec_menu` VALUES ('15', '', '委托授权', '1', '5', null);
INSERT INTO `sec_menu` VALUES ('31', '', '数据字典', '3', '1', null);
INSERT INTO `sec_menu` VALUES ('32', null, '表单管理', '47', '2', null);
INSERT INTO `sec_menu` VALUES ('41', '', '用户管理', '4', '1', null);
INSERT INTO `sec_menu` VALUES ('42', '', '部门管理', '4', '2', null);
INSERT INTO `sec_menu` VALUES ('43', '', '角色管理', '4', '3', null);
INSERT INTO `sec_menu` VALUES ('44', '', '权限管理', '4', '4', null);
INSERT INTO `sec_menu` VALUES ('45', '', '资源管理', '4', '5', null);
INSERT INTO `sec_menu` VALUES ('46', '', '菜单管理', '4', '6', null);
INSERT INTO `sec_menu` VALUES ('47', null, '表单管理', null, '5', null);

-- ----------------------------
-- Table structure for sec_org
-- ----------------------------
DROP TABLE IF EXISTS `sec_org`;
CREATE TABLE `sec_org` (
  `id` int(11) NOT NULL AUTO_INCREMENT,
  `active` varchar(255) DEFAULT NULL,
  `description` varchar(500) DEFAULT NULL,
  `fullname` varchar(200) DEFAULT NULL,
  `name` varchar(200) NOT NULL,
  `type` varchar(200) DEFAULT NULL,
  `parent_org` int(11) DEFAULT NULL,
  `parentOrg` bigint(20) DEFAULT NULL,
  PRIMARY KEY (`id`),
  KEY `FK_ORG_PARENT` (`parent_org`),
  CONSTRAINT `FK_ORG_PARENT` FOREIGN KEY (`parent_org`) REFERENCES `sec_org` (`id`)
) ENGINE=InnoDB AUTO_INCREMENT=200206 DEFAULT CHARSET=utf8;

-- ----------------------------
-- Records of sec_org
-- ----------------------------
INSERT INTO `sec_org` VALUES ('200', null, null, null, 'XXX有限公司', null, null, null);
INSERT INTO `sec_org` VALUES ('2000', null, null, null, '行政部', null, '200', null);
INSERT INTO `sec_org` VALUES ('2001', null, null, null, '市场部', null, '200', null);
INSERT INTO `sec_org` VALUES ('2002', null, null, null, '研发部', null, '200', null);
INSERT INTO `sec_org` VALUES ('2003', null, null, null, '客服部', null, '200', null);
INSERT INTO `sec_org` VALUES ('200200', null, null, null, '测试组', null, '2002', null);
INSERT INTO `sec_org` VALUES ('200201', null, null, null, '质量组', null, '2002', null);
INSERT INTO `sec_org` VALUES ('200202', null, null, null, '研发组', null, '2002', null);
INSERT INTO `sec_org` VALUES ('200203', null, null, null, '需求组', null, '2002', null);
INSERT INTO `sec_org` VALUES ('200204', null, null, null, 'UI组', null, '2002', null);
INSERT INTO `sec_org` VALUES ('200205', null, '搜索', null, '收拾收拾', null, '200', null);

-- ----------------------------
-- Table structure for sec_resource
-- ----------------------------
DROP TABLE IF EXISTS `sec_resource`;
CREATE TABLE `sec_resource` (
  `id` int(11) NOT NULL AUTO_INCREMENT,
  `name` varchar(200) NOT NULL,
  `source` varchar(200) DEFAULT NULL,
  `menu` int(11) DEFAULT NULL,
  PRIMARY KEY (`id`),
  UNIQUE KEY `name` (`name`),
  KEY `FK_RESOURCE_MENU` (`menu`),
  CONSTRAINT `FK_RESOURCE_MENU` FOREIGN KEY (`menu`) REFERENCES `sec_menu` (`id`)
) ENGINE=InnoDB AUTO_INCREMENT=437 DEFAULT CHARSET=utf8;

-- ----------------------------
-- Records of sec_resource
-- ----------------------------
INSERT INTO `sec_resource` VALUES ('101', '待办任务', '/snaker/task/active', '11');
INSERT INTO `sec_resource` VALUES ('102', '流程实例', '/snaker/flow/order', '12');
INSERT INTO `sec_resource` VALUES ('103', '历史任务', '/snaker/task/history', '13');
INSERT INTO `sec_resource` VALUES ('104', '流程定义', '/flow/process', '14');
INSERT INTO `sec_resource` VALUES ('105', '流程部署', '/snaker/process/deploy/**;/snaker/process/add/**', null);
INSERT INTO `sec_resource` VALUES ('106', '委托授权', '/snaker/surrogate/list', '15');
INSERT INTO `sec_resource` VALUES ('301', '字典查询', '/config/dictionary', '31');
INSERT INTO `sec_resource` VALUES ('302', '字典查看', '/config/dictionary/view/**', null);
INSERT INTO `sec_resource` VALUES ('303', '字典编辑', '/config/dictionary/update/**;/config/dictionary/save/**;/config/dictionary/add/**;/config/dictionary/edit/**', null);
INSERT INTO `sec_resource` VALUES ('304', '字典删除', '/config/dictionary/delete/**', null);
INSERT INTO `sec_resource` VALUES ('311', '表单查询', '/form/list', '32');
INSERT INTO `sec_resource` VALUES ('312', '表单查看', '/config/form/view/**', null);
INSERT INTO `sec_resource` VALUES ('313', '表单编辑', '/config/form/update/**;/config/form/save/**;/config/form/add/**;/config/form/edit/**', null);
INSERT INTO `sec_resource` VALUES ('314', '表单删除', '/config/form/delete/**', null);
INSERT INTO `sec_resource` VALUES ('401', '用户查询', '/security/user', '41');
INSERT INTO `sec_resource` VALUES ('402', '部门查询', '/security/org', '42');
INSERT INTO `sec_resource` VALUES ('403', '角色查询', '/security/role', '43');
INSERT INTO `sec_resource` VALUES ('404', '权限查询', '/security/authority', '44');
INSERT INTO `sec_resource` VALUES ('405', '资源查询', '/security/resource', '45');
INSERT INTO `sec_resource` VALUES ('406', '菜单查询', '/security/menu', '46');
INSERT INTO `sec_resource` VALUES ('411', '用户查看', '/security/user/view/**', null);
INSERT INTO `sec_resource` VALUES ('412', '部门查看', '/security/org/view/**', null);
INSERT INTO `sec_resource` VALUES ('413', '角色查看', '/security/role/view/**', null);
INSERT INTO `sec_resource` VALUES ('414', '权限查看', '/security/authority/view/**', null);
INSERT INTO `sec_resource` VALUES ('415', '资源查看', '/security/resource/view/**', null);
INSERT INTO `sec_resource` VALUES ('416', '菜单查看', '/security/menu/view/**', null);
INSERT INTO `sec_resource` VALUES ('421', '用户删除', '/security/user/delete/**', null);
INSERT INTO `sec_resource` VALUES ('422', '部门删除', '/security/org/delete/**', null);
INSERT INTO `sec_resource` VALUES ('423', '角色删除', '/security/role/delete/**', null);
INSERT INTO `sec_resource` VALUES ('424', '权限删除', '/security/authority/delete/**', null);
INSERT INTO `sec_resource` VALUES ('425', '资源删除', '/security/resource/delete/**', null);
INSERT INTO `sec_resource` VALUES ('426', '菜单删除', '/security/menu/delete/**', null);
INSERT INTO `sec_resource` VALUES ('431', '用户编辑', '/security/user/update/**;/security/user/save/**;/security/user/add/**;/security/user/edit/**', null);
INSERT INTO `sec_resource` VALUES ('432', '部门编辑', '/security/org/update/**;/security/org/save/**;/security/org/add/**;/security/org/edit/**', null);
INSERT INTO `sec_resource` VALUES ('433', '角色编辑', '/security/role/update/**;/security/role/save/**;/security/role/add/**;/security/role/edit/**', null);
INSERT INTO `sec_resource` VALUES ('434', '权限编辑', '/security/authority/update/**;/security/authority/save/**;/security/authority/add/**;/security/authority/edit/**', null);
INSERT INTO `sec_resource` VALUES ('435', '资源编辑', '/security/resource/update/**;/security/resource/save/**;/security/resource/add/**;/security/resource/edit/**', null);
INSERT INTO `sec_resource` VALUES ('436', '菜单编辑', '/security/menu/update/**;/security/menu/save/**;/security/menu/add/**;/security/menu/edit/**', null);

-- ----------------------------
-- Table structure for sec_role
-- ----------------------------
DROP TABLE IF EXISTS `sec_role`;
CREATE TABLE `sec_role` (
  `id` int(11) NOT NULL AUTO_INCREMENT,
  `description` varchar(500) DEFAULT NULL,
  `name` varchar(200) NOT NULL,
  PRIMARY KEY (`id`),
  UNIQUE KEY `name` (`name`)
) ENGINE=InnoDB AUTO_INCREMENT=4 DEFAULT CHARSET=utf8;

-- ----------------------------
-- Records of sec_role
-- ----------------------------
INSERT INTO `sec_role` VALUES ('1', '系统管理员', 'Admin');
INSERT INTO `sec_role` VALUES ('2', '普通用户', 'General');
INSERT INTO `sec_role` VALUES ('3', 'aaa', 'aaa');

-- ----------------------------
-- Table structure for sec_role_authority
-- ----------------------------
DROP TABLE IF EXISTS `sec_role_authority`;
CREATE TABLE `sec_role_authority` (
  `role_id` int(11) NOT NULL,
  `authority_id` int(11) NOT NULL,
  KEY `FK_ROLE_AUTHORITY1` (`authority_id`),
  KEY `FK_ROLE_AUTHORITY2` (`role_id`),
  CONSTRAINT `FK_ROLE_AUTHORITY1` FOREIGN KEY (`authority_id`) REFERENCES `sec_authority` (`id`),
  CONSTRAINT `FK_ROLE_AUTHORITY2` FOREIGN KEY (`role_id`) REFERENCES `sec_role` (`id`)
) ENGINE=InnoDB DEFAULT CHARSET=utf8;

-- ----------------------------
-- Records of sec_role_authority
-- ----------------------------
INSERT INTO `sec_role_authority` VALUES ('1', '101');
INSERT INTO `sec_role_authority` VALUES ('1', '102');
INSERT INTO `sec_role_authority` VALUES ('1', '103');
INSERT INTO `sec_role_authority` VALUES ('1', '104');
INSERT INTO `sec_role_authority` VALUES ('1', '105');
INSERT INTO `sec_role_authority` VALUES ('1', '106');
INSERT INTO `sec_role_authority` VALUES ('1', '301');
INSERT INTO `sec_role_authority` VALUES ('1', '302');
INSERT INTO `sec_role_authority` VALUES ('1', '303');
INSERT INTO `sec_role_authority` VALUES ('1', '304');
INSERT INTO `sec_role_authority` VALUES ('1', '311');
INSERT INTO `sec_role_authority` VALUES ('1', '312');
INSERT INTO `sec_role_authority` VALUES ('1', '313');
INSERT INTO `sec_role_authority` VALUES ('1', '314');
INSERT INTO `sec_role_authority` VALUES ('1', '401');
INSERT INTO `sec_role_authority` VALUES ('1', '402');
INSERT INTO `sec_role_authority` VALUES ('1', '403');
INSERT INTO `sec_role_authority` VALUES ('1', '404');
INSERT INTO `sec_role_authority` VALUES ('1', '405');
INSERT INTO `sec_role_authority` VALUES ('1', '406');
INSERT INTO `sec_role_authority` VALUES ('1', '411');
INSERT INTO `sec_role_authority` VALUES ('1', '412');
INSERT INTO `sec_role_authority` VALUES ('1', '413');
INSERT INTO `sec_role_authority` VALUES ('1', '414');
INSERT INTO `sec_role_authority` VALUES ('1', '415');
INSERT INTO `sec_role_authority` VALUES ('1', '416');
INSERT INTO `sec_role_authority` VALUES ('1', '421');
INSERT INTO `sec_role_authority` VALUES ('1', '422');
INSERT INTO `sec_role_authority` VALUES ('1', '423');
INSERT INTO `sec_role_authority` VALUES ('1', '424');
INSERT INTO `sec_role_authority` VALUES ('1', '425');
INSERT INTO `sec_role_authority` VALUES ('1', '426');
INSERT INTO `sec_role_authority` VALUES ('1', '431');
INSERT INTO `sec_role_authority` VALUES ('1', '432');
INSERT INTO `sec_role_authority` VALUES ('1', '433');
INSERT INTO `sec_role_authority` VALUES ('1', '434');
INSERT INTO `sec_role_authority` VALUES ('1', '435');
INSERT INTO `sec_role_authority` VALUES ('1', '436');
INSERT INTO `sec_role_authority` VALUES ('2', '101');
INSERT INTO `sec_role_authority` VALUES ('2', '102');
INSERT INTO `sec_role_authority` VALUES ('2', '103');
INSERT INTO `sec_role_authority` VALUES ('2', '104');
INSERT INTO `sec_role_authority` VALUES ('2', '106');
INSERT INTO `sec_role_authority` VALUES ('2', '301');
INSERT INTO `sec_role_authority` VALUES ('2', '302');
INSERT INTO `sec_role_authority` VALUES ('2', '401');
INSERT INTO `sec_role_authority` VALUES ('2', '402');
INSERT INTO `sec_role_authority` VALUES ('2', '403');
INSERT INTO `sec_role_authority` VALUES ('2', '404');
INSERT INTO `sec_role_authority` VALUES ('2', '405');
INSERT INTO `sec_role_authority` VALUES ('2', '406');
INSERT INTO `sec_role_authority` VALUES ('2', '411');
INSERT INTO `sec_role_authority` VALUES ('2', '412');
INSERT INTO `sec_role_authority` VALUES ('2', '413');
INSERT INTO `sec_role_authority` VALUES ('2', '414');
INSERT INTO `sec_role_authority` VALUES ('2', '415');
INSERT INTO `sec_role_authority` VALUES ('2', '416');
INSERT INTO `sec_role_authority` VALUES ('3', '102');

-- ----------------------------
-- Table structure for sec_role_user
-- ----------------------------
DROP TABLE IF EXISTS `sec_role_user`;
CREATE TABLE `sec_role_user` (
  `user_id` int(11) NOT NULL,
  `role_id` int(11) NOT NULL,
  KEY `FK_ROLE_USER1` (`user_id`),
  KEY `FK_ROLE_USER2` (`role_id`),
  CONSTRAINT `FK_ROLE_USER1` FOREIGN KEY (`user_id`) REFERENCES `sec_user` (`id`),
  CONSTRAINT `FK_ROLE_USER2` FOREIGN KEY (`role_id`) REFERENCES `sec_role` (`id`)
) ENGINE=InnoDB DEFAULT CHARSET=utf8;

-- ----------------------------
-- Records of sec_role_user
-- ----------------------------
INSERT INTO `sec_role_user` VALUES ('1', '1');
INSERT INTO `sec_role_user` VALUES ('2', '2');
INSERT INTO `sec_role_user` VALUES ('3', '2');

-- ----------------------------
-- Table structure for sec_user
-- ----------------------------
DROP TABLE IF EXISTS `sec_user`;
CREATE TABLE `sec_user` (
  `id` int(11) NOT NULL AUTO_INCREMENT,
  `address` varchar(200) DEFAULT NULL,
  `age` int(11) DEFAULT NULL,
  `email` varchar(100) DEFAULT NULL,
  `enabled` varchar(255) DEFAULT NULL,
  `fullname` varchar(100) DEFAULT NULL,
  `password` varchar(50) DEFAULT NULL,
  `plainPassword` varchar(50) DEFAULT NULL,
  `salt` varchar(255) DEFAULT NULL,
  `sex` varchar(255) DEFAULT NULL,
  `type` int(11) DEFAULT NULL,
  `username` varchar(50) NOT NULL,
  `org` int(11) DEFAULT NULL,
  PRIMARY KEY (`id`),
  UNIQUE KEY `username` (`username`),
  KEY `FK_USER_ORG` (`org`),
  CONSTRAINT `FK_USER_ORG` FOREIGN KEY (`org`) REFERENCES `sec_org` (`id`)
) ENGINE=InnoDB AUTO_INCREMENT=18 DEFAULT CHARSET=utf8;

-- ----------------------------
-- Records of sec_user
-- ----------------------------
INSERT INTO `sec_user` VALUES ('1', '', null, '', '1', '系统管理员', 'f9e1a0299c2570eb5942fbbda0b2a8ceb2ef9769', null, 'e97e0cea2389225f', '1', null, 'admin', '200');
INSERT INTO `sec_user` VALUES ('2', '', null, '', '1', 'test', 'f9e1a0299c2570eb5942fbbda0b2a8ceb2ef9769', null, 'e97e0cea2389225f', '1', null, 'test', '200200');
INSERT INTO `sec_user` VALUES ('3', '', null, '', '1', 'snaker', 'f9e1a0299c2570eb5942fbbda0b2a8ceb2ef9769', null, 'e97e0cea2389225f', '1', null, 'snaker', '200202');
INSERT INTO `sec_user` VALUES ('5', null, null, null, null, '11', null, null, null, null, null, '11', null);
INSERT INTO `sec_user` VALUES ('6', null, null, null, null, 'bb', null, null, null, null, null, 'bb', null);
INSERT INTO `sec_user` VALUES ('7', null, null, null, null, 'cc', null, null, null, null, null, 'cc', null);
INSERT INTO `sec_user` VALUES ('8', null, null, null, null, 'dd', null, null, null, null, null, 'dd', null);
INSERT INTO `sec_user` VALUES ('11', null, null, null, null, 'ee', null, null, null, null, null, 'ddd', null);
INSERT INTO `sec_user` VALUES ('12', null, null, null, null, '22', null, null, null, null, null, '22', null);
INSERT INTO `sec_user` VALUES ('14', null, null, null, null, '44', null, null, null, null, null, '44', null);
INSERT INTO `sec_user` VALUES ('15', null, null, null, null, '55', null, null, null, null, null, '55', null);
INSERT INTO `sec_user` VALUES ('16', null, null, null, null, '66', null, null, null, null, null, '66', null);
INSERT INTO `sec_user` VALUES ('17', null, null, null, null, '77', null, null, null, null, null, '77', null);

-- ----------------------------
-- Table structure for sec_user_authority
-- ----------------------------
DROP TABLE IF EXISTS `sec_user_authority`;
CREATE TABLE `sec_user_authority` (
  `user_id` int(11) NOT NULL,
  `authority_id` int(11) NOT NULL,
  KEY `FK_USER_AUTHORITY1` (`authority_id`),
  KEY `FK_USER_AUTHORITY2` (`user_id`),
  CONSTRAINT `FK_USER_AUTHORITY1` FOREIGN KEY (`authority_id`) REFERENCES `sec_authority` (`id`),
  CONSTRAINT `FK_USER_AUTHORITY2` FOREIGN KEY (`user_id`) REFERENCES `sec_user` (`id`)
) ENGINE=InnoDB DEFAULT CHARSET=utf8;

-- ----------------------------
-- Records of sec_user_authority
-- ----------------------------

-- ----------------------------
-- Table structure for wf_process
-- ----------------------------
DROP TABLE IF EXISTS `wf_process`;
CREATE TABLE `wf_process` (
  `id` varchar(32) NOT NULL COMMENT '主键ID',
  `name` varchar(100) DEFAULT NULL COMMENT '流程名称',
  `display_Name` varchar(200) DEFAULT NULL COMMENT '流程显示名称',
  `type` varchar(100) DEFAULT NULL COMMENT '流程类型',
  `instance_Url` varchar(200) DEFAULT NULL COMMENT '实例url',
  `state` tinyint(1) DEFAULT NULL COMMENT '流程是否可用',
  `content` longblob COMMENT '流程模型定义',
  `version` int(2) DEFAULT NULL COMMENT '版本',
  `create_Time` varchar(50) DEFAULT NULL COMMENT '创建时间',
  `creator` varchar(50) DEFAULT NULL COMMENT '创建人',
  PRIMARY KEY (`id`),
  KEY `IDX_PROCESS_NAME` (`name`)
) ENGINE=InnoDB DEFAULT CHARSET=utf8 COMMENT='流程定义表';

-- ----------------------------
-- Records of wf_process
-- ----------------------------
